sequence,time_s,magnitude_g,foot_strike,cadence_spm,phase,peak_g,rearm_g,min_stride_ms
304238,0.0,1.03854,0,159.95,0.27958361868752246,1.3,1.08,450.0
304239,0.009765,1.05164,0,159.95,0.29259991209572433,1.3,1.08,450.0
304240,0.019531,1.06418,0,159.95,0.30561753845775264,1.3,1.08,450.0
304241,0.029297,1.03353,0,159.95,0.31863516481978094,1.3,1.08,450.0
304242,0.040039,1.06453,0,159.95,0.33295375404573146,1.3,1.08,450.0
304243,0.044922,1.05169,0,159.95,0.3394625672267457,1.3,1.08,450.0
304244,0.054687,1.00827,0,159.95,0.3524788606350233,1.3,1.08,450.0
304245,0.064453,1.06291,0,159.95,0.3654964869970516,1.3,1.08,450.0
304246,0.075195,1.04169,0,159.95,0.3798150762230017,1.3,1.08,450.0
304247,0.084961,1.06136,0,159.95,0.3928327025849543,1.3,1.08,450.0
304248,0.094726,1.05797,0,159.95,0.4058489959932319,1.3,1.08,450.0
304249,0.104492,1.03226,0,159.95,0.4188666223552604,1.3,1.08,450.0
304250,0.115234,1.04723,0,159.95,0.4331852115812107,1.3,1.08,450.0
304251,0.125,1.06693,0,159.95,0.446202837943239,1.3,1.08,450.0
304252,0.134765,1.04808,0,159.95,0.45921913135144066,1.3,1.08,450.0
304253,0.144531,1.01387,0,159.95,0.47223675771346896,1.3,1.08,450.0
304254,0.154297,1.0573,0,159.95,0.48525438407549726,1.3,1.08,450.0
304255,0.160156,1.07147,0,159.95,0.4930641601204335,1.3,1.08,450.0
304256,0.169922,1.04467,0,159.95,0.506081786482462,1.3,1.08,450.0
304257,0.179687,1.03523,0,159.95,0.5190980798907396,1.3,1.08,450.0
304258,0.189453,1.03155,0,159.95,0.5321157062527679,1.3,1.08,450.0
304259,0.200195,1.04354,0,159.95,0.5464342954787182,1.3,1.08,450.0
304260,0.209961,1.01854,0,159.95,0.5594519218406708,1.3,1.08,450.0
304261,0.219726,0.94158,0,159.95,0.5724682152489484,1.3,1.08,450.0
304262,0.229492,1.01709,0,159.95,0.5854858416109769,1.3,1.08,450.0
304263,0.240234,1.01052,0,159.95,0.599804430836927,1.3,1.08,450.0
304264,0.245117,1.17857,0,159.95,0.6063132440179413,1.3,1.08,450.0
304265,0.254883,1.10069,0,159.95,0.6193308703799696,1.3,1.08,450.0
304266,0.264648,1.05716,0,159.95,0.6323471637881715,1.3,1.08,450.0
304267,0.274414,1.06303,0,159.95,0.6453647901501998,1.3,1.08,450.0
304268,0.285156,1.09262,0,159.95,0.6596833793761501,1.3,1.08,450.0
304269,0.294922,1.09796,0,159.95,0.6727010057381786,1.3,1.08,450.0
304270,0.304687,1.08953,0,159.95,0.6857172991464562,1.3,1.08,450.0
304271,0.314453,1.07921,0,159.95,0.6987349255084845,1.3,1.08,450.0
304272,0.325195,1.04594,0,159.95,0.7130535147344346,1.3,1.08,450.0
304273,0.334961,1.05191,0,159.95,0.7260711410963872,1.3,1.08,450.0
304274,0.344726,1.07309,0,159.95,0.7390874345046647,1.3,1.08,450.0
304275,0.354492,0.99318,0,159.95,0.7521050608666933,1.3,1.08,450.0
304276,0.359375,1.06037,0,159.95,0.7586138740477073,1.3,1.08,450.0
304277,0.370117,0.9677,0,159.95,0.7729324632736578,1.3,1.08,450.0
304278,0.379883,1.11051,0,159.95,0.7859500896356861,1.3,1.08,450.0
304279,0.389648,1.09483,0,159.95,0.7989663830438878,1.3,1.08,450.0
304280,0.399414,1.20736,0,159.95,0.8119840094059161,1.3,1.08,450.0
304281,0.410156,1.34654,1,131.01,0.0,1.3,1.08,450.0
304282,0.419922,1.52398,0,131.01,0.010661719186728723,1.3,1.08,450.0
304283,0.429687,1.59319,0,131.01,0.021322346655337457,1.3,1.08,450.0
304284,0.439453,1.50388,0,131.01,0.03198406584206618,1.3,1.08,450.0
304285,0.450195,1.51512,0,131.01,0.04371130191657096,1.3,1.08,450.0
304286,0.455078,1.57374,0,131.01,0.049042161509935324,1.3,1.08,450.0
304287,0.464844,1.46917,0,131.01,0.05970388069660199,1.3,1.08,450.0
304288,0.474609,1.55709,0,131.01,0.07036450816521071,1.3,1.08,450.0
304289,0.484375,1.41102,0,131.01,0.08102622735193944,1.3,1.08,450.0
304290,0.495117,1.77321,0,131.01,0.09275346342644422,1.3,1.08,450.0
304291,0.504883,1.76894,0,131.01,0.10341518261317294,1.3,1.08,450.0
304292,0.514648,1.90329,0,131.01,0.11407581008171962,1.3,1.08,450.0
304293,0.524414,1.72334,0,131.01,0.12473752926844835,1.3,1.08,450.0
304294,0.535156,2.1371,0,131.01,0.13646476534295313,1.3,1.08,450.0
304295,0.544922,1.62029,0,131.01,0.14712648452968186,1.3,1.08,450.0
304296,0.549804,1.69375,0,131.01,0.15245625240492622,1.3,1.08,450.0
304297,0.55957,1.02852,0,131.01,0.16311797159165495,1.3,1.08,450.0
304298,0.569336,0.86662,0,131.01,0.17377969077832162,1.3,1.08,450.0
304299,0.580078,0.69738,0,131.01,0.18550692685288844,1.3,1.08,450.0
304300,0.589844,0.64806,0,131.01,0.1961686460395551,1.3,1.08,450.0
304301,0.599609,0.63414,0,131.01,0.20682927350816385,1.3,1.08,450.0
304302,0.609375,0.6935,0,131.01,0.21749099269489258,1.3,1.08,450.0
304303,0.620117,0.84652,0,131.01,0.22921822876939732,1.3,1.08,450.0
304304,0.629883,1.03479,0,131.01,0.23987994795612608,1.3,1.08,450.0
304305,0.639648,1.20171,0,131.01,0.25054057542467273,1.3,1.08,450.0
304306,0.649414,1.28108,0,131.01,0.2612022946114015,1.3,1.08,450.0
304307,0.660156,1.27002,0,131.01,0.27292953068590625,1.3,1.08,450.0
304308,0.665039,1.15239,0,131.01,0.27826039027927063,1.3,1.08,450.0
304309,0.674804,1.00906,0,131.01,0.2889210177478793,1.3,1.08,450.0
304310,0.68457,0.89374,0,131.01,0.2995827369346081,1.3,1.08,450.0
304311,0.694336,0.79915,0,131.01,0.31024445612127477,1.3,1.08,450.0
304312,0.705078,0.75092,0,131.01,0.32197169219584154,1.3,1.08,450.0
304313,0.714844,0.82013,0,131.01,0.33263341138250824,1.3,1.08,450.0
304314,0.724609,0.95165,0,131.01,0.343294038851117,1.3,1.08,450.0
304315,0.734375,1.10287,0,131.01,0.3539557580378457,1.3,1.08,450.0
304316,0.740234,1.16733,0,131.01,0.3603521345189861,1.3,1.08,450.0
304317,0.75,1.15435,0,131.01,0.3710138537057148,1.3,1.08,450.0
304318,0.759765,1.12432,0,131.01,0.3816744811742615,1.3,1.08,450.0
304319,0.769531,1.07717,0,131.01,0.39233620036099026,1.3,1.08,450.0
304320,0.779297,1.03163,0,131.01,0.40299791954771896,1.3,1.08,450.0
304321,0.790039,1.0065,0,131.01,0.41472515562222373,1.3,1.08,450.0
304322,0.799804,1.02269,0,131.01,0.42538578309083247,1.3,1.08,450.0
304323,0.80957,1.07208,0,131.01,0.43604750227756117,1.3,1.08,450.0
304324,0.819336,1.07425,0,131.01,0.44670922146422787,1.3,1.08,450.0
304325,0.830078,1.08848,0,131.01,0.45843645753879464,1.3,1.08,450.0
304326,0.839844,1.25495,0,131.01,0.4690981767254614,1.3,1.08,450.0
304327,0.849609,1.40757,0,131.01,0.4797588041940701,1.3,1.08,450.0
304328,0.854492,1.44598,0,131.01,0.48508966378743446,1.3,1.08,450.0
304329,0.865234,1.38829,0,131.01,0.4968168998619393,1.3,1.08,450.0
304330,0.875,1.34348,0,131.01,0.507478619048668,1.3,1.08,450.0
304331,0.884765,1.29602,0,131.01,0.5181392465172147,1.3,1.08,450.0
304332,0.894531,1.26817,0,131.01,0.5288009657039434,1.3,1.08,450.0
304333,0.904297,1.2616,0,131.01,0.5394626848906721,1.3,1.08,450.0
304334,0.915039,1.31986,0,131.01,0.5511899209651768,1.3,1.08,450.0
304335,0.924804,1.40813,0,131.01,0.5618505484337856,1.3,1.08,450.0
304336,0.93457,1.52363,0,131.01,0.5725122676205143,1.3,1.08,450.0
304337,0.944336,1.65925,0,131.01,0.5831739868071809,1.3,1.08,450.0
304338,0.950195,1.73489,0,131.01,0.5895703632883834,1.3,1.08,450.0
304339,0.959961,1.71951,0,131.01,0.6002320824750502,1.3,1.08,450.0
304340,0.969726,1.65431,0,131.01,0.6108927099436589,1.3,1.08,450.0
304341,0.979492,1.54986,0,131.01,0.6215544291303876,1.3,1.08,450.0
304342,0.990234,1.47811,0,131.01,0.6332816652048924,1.3,1.08,450.0
304343,1.0,1.44135,0,131.01,0.643943384391621,1.3,1.08,450.0
304344,1.009765,1.41239,0,131.01,0.6546040118601677,1.3,1.08,450.0
304345,1.019531,1.36168,0,131.01,0.6652657310468965,1.3,1.08,450.0
304346,1.029297,1.31865,0,131.01,0.6759274502336251,1.3,1.08,450.0
304347,1.035156,1.24252,0,131.01,0.6823238267147657,1.3,1.08,450.0
304348,1.049804,1.2171,0,131.01,0.6983153137767387,1.3,1.08,450.0
304349,1.054687,1.28442,0,131.01,0.703646173370103,1.3,1.08,450.0
304350,1.064453,1.28263,0,131.01,0.7143078925568318,1.3,1.08,450.0
304351,1.075195,1.28302,0,131.01,0.7260351286313366,1.3,1.08,450.0
304352,1.084961,1.30907,0,131.01,0.7366968478180033,1.3,1.08,450.0
304353,1.094726,1.34572,0,131.01,0.747357475286612,1.3,1.08,450.0
304354,1.104492,1.35216,0,131.01,0.7580191944733408,1.3,1.08,450.0
304355,1.115234,1.31575,0,131.01,0.7697464305478455,1.3,1.08,450.0
304356,1.125,1.21111,0,131.01,0.7804081497345742,1.3,1.08,450.0
304357,1.134765,0.68508,0,131.01,0.7910687772031209,1.3,1.08,450.0
304358,1.144531,2.2041,1,143.97,0.0,1.3,1.08,450.0
304359,1.154297,3.11805,0,143.97,0.011716384703533821,1.3,1.08,450.0
304360,1.160156,1.57808,0,143.97,0.01874549569859383,1.3,1.08,450.0
304361,1.169922,0.82091,0,143.97,0.03046188040212765,1.3,1.08,450.0
304362,1.179687,0.54943,0,143.97,0.0421770653939398,1.3,1.08,450.0
304363,1.189453,1.73582,0,143.97,0.053893450097473615,1.3,1.08,450.0
304364,1.200195,2.14861,0,143.97,0.06678075344430054,1.3,1.08,450.0
304365,1.209961,1.63469,0,143.97,0.07849713814776615,1.3,1.08,450.0
304366,1.219726,1.16592,0,143.97,0.0902123231395783,1.3,1.08,450.0
304367,1.229492,1.37144,0,143.97,0.10192870784311212,1.3,1.08,450.0
304368,1.240234,1.61851,0,143.97,0.11481601118993903,1.3,1.08,450.0
304369,1.245117,1.56606,0,143.97,0.12067420354170594,1.3,1.08,450.0
304370,1.254883,1.33325,0,143.97,0.13239058824523978,1.3,1.08,450.0
304371,1.264648,1.28427,0,143.97,0.14410577323698373,1.3,1.08,450.0
304372,1.274414,1.30042,0,143.97,0.15582215794051754,1.3,1.08,450.0
304373,1.285156,1.34835,0,143.97,0.16870946128734446,1.3,1.08,450.0
304374,1.294922,1.27199,0,143.97,0.18042584599087827,1.3,1.08,450.0
304375,1.304687,1.13965,0,143.97,0.19214103098269042,1.3,1.08,450.0
304376,1.314453,1.09511,0,143.97,0.20385741568622423,1.3,1.08,450.0
304377,1.325195,1.04232,0,143.97,0.21674471903305115,1.3,1.08,450.0
304378,1.334961,1.08052,0,143.97,0.2284611037365168,1.3,1.08,450.0
304379,1.344726,0.99345,0,143.97,0.2401762887283289,1.3,1.08,450.0
304380,1.349609,1.02956,0,143.97,0.24603448108009582,1.3,1.08,450.0
304381,1.359375,1.13562,0,143.97,0.25775086578362966,1.3,1.08,450.0
304382,1.370117,0.93719,0,143.97,0.2706381691304566,1.3,1.08,450.0
304383,1.379883,1.08151,0,143.97,0.2823545538339904,1.3,1.08,450.0
304384,1.389648,1.0513,0,143.97,0.29406973882573434,1.3,1.08,450.0
304385,1.399414,1.04589,0,143.97,0.30578612352926815,1.3,1.08,450.0
304386,1.410156,1.02722,0,143.97,0.31867342687609507,1.3,1.08,450.0
304387,1.419922,1.03255,0,143.97,0.3303898115796289,1.3,1.08,450.0
304388,1.429687,0.99306,0,143.97,0.34210499657144106,1.3,1.08,450.0
304389,1.439453,1.00093,0,143.97,0.35382138127497487,1.3,1.08,450.0
304390,1.450195,1.03199,0,143.97,0.3667086846218018,1.3,1.08,450.0
304391,1.455078,1.02107,0,143.97,0.37256687697356866,1.3,1.08,450.0
304392,1.464844,1.07791,0,143.97,0.38428326167703436,1.3,1.08,450.0
304393,1.474609,1.03661,0,143.97,0.3959984466688465,1.3,1.08,450.0
304394,1.484375,1.08617,0,143.97,0.4077148313723803,1.3,1.08,450.0
304395,1.495117,1.0868,0,143.97,0.4206021347192072,1.3,1.08,450.0
304396,1.504883,1.08333,0,143.97,0.432318519422741,1.3,1.08,450.0
304397,1.514648,1.07503,0,143.97,0.444033704414485,1.3,1.08,450.0
304398,1.524414,1.07517,0,143.97,0.4557500891180188,1.3,1.08,450.0
304399,1.535156,1.04986,0,143.97,0.4686373924648457,1.3,1.08,450.0
304400,1.544922,1.02949,0,143.97,0.4803537771683795,1.3,1.08,450.0
304401,1.549804,1.05664,0,143.97,0.48621076980842476,1.3,1.08,450.0
304402,1.55957,1.02576,0,143.97,0.49792715451195857,1.3,1.08,450.0
304403,1.569336,1.04837,0,143.97,0.5096435392154243,1.3,1.08,450.0
304404,1.580078,1.01488,0,143.97,0.5225308425623193,1.3,1.08,450.0
304405,1.589844,1.03441,0,143.97,0.534247227265785,1.3,1.08,450.0
304406,1.599609,1.03409,0,143.97,0.545962412257597,1.3,1.08,450.0
304407,1.609375,1.05937,0,143.97,0.5576787969611309,1.3,1.08,450.0
304408,1.620117,1.01918,0,143.97,0.5705661003079577,1.3,1.08,450.0
304409,1.629883,1.03433,0,143.97,0.5822824850114916,1.3,1.08,450.0
304410,1.639648,1.02879,0,143.97,0.5939976700032356,1.3,1.08,450.0
304411,1.649414,1.05162,0,143.97,0.6057140547067694,1.3,1.08,450.0
304412,1.660156,0.9798,0,143.97,0.6186013580535963,1.3,1.08,450.0
304413,1.665039,1.05552,0,143.97,0.6244595504053633,1.3,1.08,450.0
304414,1.674804,1.05188,0,143.97,0.6361747353971754,1.3,1.08,450.0
304415,1.68457,0.99804,0,143.97,0.6478911201007093,1.3,1.08,450.0
304416,1.694336,1.01649,0,143.97,0.6596075048041748,1.3,1.08,450.0
304417,1.705078,1.0559,0,143.97,0.67249480815107,1.3,1.08,450.0
304418,1.714844,1.02291,0,143.97,0.6842111928545356,1.3,1.08,450.0
304419,1.724609,1.03628,0,143.97,0.6959263778463477,1.3,1.08,450.0
304420,1.734375,1.0257,0,143.97,0.7076427625498815,1.3,1.08,450.0
304421,1.740234,1.00502,0,143.97,0.7146718735449415,1.3,1.08,450.0
304422,1.75,1.02848,0,143.97,0.7263882582484753,1.3,1.08,450.0
304423,1.759765,1.01915,0,143.97,0.7381034432402193,1.3,1.08,450.0
304424,1.769531,1.02692,0,143.97,0.7498198279437531,1.3,1.08,450.0
304425,1.779297,1.01752,0,143.97,0.761536212647287,1.3,1.08,450.0
304426,1.790039,1.05105,0,143.97,0.7744235159941139,1.3,1.08,450.0
304427,1.799804,1.06254,0,143.97,0.7861387009859261,1.3,1.08,450.0
304428,1.80957,1.04283,0,143.97,0.7978550856894598,1.3,1.08,450.0
304429,1.819336,1.05549,0,143.97,0.8095714703929254,1.3,1.08,450.0
304430,1.830078,1.07516,0,143.97,0.8224587737398206,1.3,1.08,450.0
304431,1.839844,1.04162,0,143.97,0.8341751584432863,1.3,1.08,450.0
304432,1.844726,1.02967,0,143.97,0.8400321510833314,1.3,1.08,450.0
304433,1.854492,1.03212,0,143.97,0.8517485357868652,1.3,1.08,450.0
304434,1.865234,1.02181,0,143.97,0.8646358391336921,1.3,1.08,450.0
304435,1.875,1.07112,0,143.97,0.876352223837226,1.3,1.08,450.0
304436,1.884765,1.00198,0,143.97,0.88806740882897,1.3,1.08,450.0
304437,1.894531,0.98748,0,143.97,0.8997837935325037,1.3,1.08,450.0
304438,1.904297,1.05464,0,143.97,0.9115001782360376,1.3,1.08,450.0
304439,1.915039,1.04941,0,143.97,0.9243874815828644,1.3,1.08,450.0
304440,1.924804,1.0551,0,143.97,0.9361026665746767,1.3,1.08,450.0
304441,1.93457,1.11651,0,143.97,0.9478190512782105,1.3,1.08,450.0
304442,1.944336,1.05656,0,143.97,0.9595354359816761,1.3,1.08,450.0
304443,1.950195,1.01073,0,143.97,0.9665645469768044,1.3,1.08,450.0
304444,1.959961,1.07068,0,143.97,0.97828093168027,1.3,1.08,450.0
304445,1.969726,1.05881,0,143.97,0.989996116672082,1.3,1.08,450.0
304446,1.979492,1.06215,0,143.97,0.0017125013756158491,1.3,1.08,450.0
304447,1.990234,1.05733,0,143.97,0.01459980472244271,1.3,1.08,450.0
304448,2.0,1.05761,0,143.97,0.026316189425976466,1.3,1.08,450.0
304449,2.009765,1.05081,0,143.97,0.03803137441772053,1.3,1.08,450.0
304450,2.019531,1.06089,0,143.97,0.04974775912125429,1.3,1.08,450.0
304451,2.029297,1.04994,0,143.97,0.061464143824788264,1.3,1.08,450.0
304452,2.040039,1.04833,0,143.97,0.07435144717161513,1.3,1.08,450.0
304453,2.044922,1.0506,0,143.97,0.080209639523382,1.3,1.08,450.0
304454,2.054687,1.0233,0,143.97,0.09192482451519401,1.3,1.08,450.0
304455,2.064453,1.0637,0,143.97,0.10364120921872799,1.3,1.08,450.0
304456,2.075195,0.92014,0,143.97,0.11652851256555485,1.3,1.08,450.0
304457,2.084961,1.05439,0,143.97,0.12824489726902044,1.3,1.08,450.0
304458,2.094726,1.03337,0,143.97,0.13996008226083267,1.3,1.08,450.0
304459,2.104492,1.12018,0,143.97,0.15167646696436665,1.3,1.08,450.0
304460,2.115234,1.06442,0,143.97,0.1645637703111935,1.3,1.08,450.0
304461,2.125,1.11131,0,143.97,0.17628015501472727,1.3,1.08,450.0
304462,2.134765,1.03193,0,143.97,0.1879953400064711,1.3,1.08,450.0
304463,2.144531,1.03893,0,143.97,0.1997117247100051,1.3,1.08,450.0
304464,2.154297,1.00019,0,143.97,0.21142810941353885,1.3,1.08,450.0
304465,2.160156,1.05427,0,143.97,0.21845722040859883,1.3,1.08,450.0
304466,2.169922,1.12003,0,143.97,0.23017360511213258,1.3,1.08,450.0
304467,2.179687,1.05067,0,143.97,0.24188879010394482,1.3,1.08,450.0
304468,2.189453,1.04598,0,143.97,0.2536051748074786,1.3,1.08,450.0
304469,2.200195,1.02025,0,143.97,0.26649247815430543,1.3,1.08,450.0
304470,2.209961,1.04926,0,143.97,0.278208862857771,1.3,1.08,450.0
304471,2.219726,1.03744,0,143.97,0.2899240478495835,1.3,1.08,450.0
304472,2.229492,0.98986,0,143.97,0.30164043255311723,1.3,1.08,450.0
304473,2.240234,1.07246,0,143.97,0.3145277358999441,1.3,1.08,450.0
304474,2.245117,0.99489,0,143.97,0.32038592825171097,1.3,1.08,450.0
304475,2.254883,1.02719,0,143.97,0.33210231295524495,1.3,1.08,450.0
304476,2.264648,1.07495,0,143.97,0.3438174979469888,1.3,1.08,450.0
304477,2.274414,1.08656,0,143.97,0.35553388265052255,1.3,1.08,450.0
304478,2.285156,1.19172,0,143.97,0.3684211859973494,1.3,1.08,450.0
304479,2.294922,1.25731,0,143.97,0.38013757070088317,1.3,1.08,450.0
304480,2.304687,1.29222,0,143.97,0.3918527556926954,1.3,1.08,450.0
304481,2.314453,1.42879,1,127.41,0.0,1.3,1.08,450.0
304482,2.325195,1.48561,0,127.41,0.011405105488804431,1.3,1.08,450.0
304483,2.334961,1.50995,0,127.41,0.021773962331406906,1.3,1.08,450.0
304484,2.339844,1.45708,0,127.41,0.026958390752738322,1.3,1.08,450.0
304485,2.354492,1.58353,0,127.41,0.042510614286564996,1.3,1.08,450.0
304486,2.359375,1.61666,0,127.41,0.04769504270789641,1.3,1.08,450.0
304487,2.370117,1.53575,0,127.41,0.05910014819670084,1.3,1.08,450.0
304488,2.379883,1.54811,0,127.41,0.06946900503936367,1.3,1.08,450.0
304489,2.389648,1.751,0,127.41,0.07983680015179859,1.3,1.08,450.0
304490,2.399414,1.70594,0,127.41,0.09020565699446141,1.3,1.08,450.0
304491,2.410156,1.56967,0,127.41,0.10161076248326584,1.3,1.08,450.0
304492,2.419922,1.9473,0,127.41,0.11197961932592866,1.3,1.08,450.0
304493,2.429687,2.186,0,127.41,0.12234741443842394,1.3,1.08,450.0
304494,2.439453,1.28482,0,127.41,0.13271627128108676,1.3,1.08,450.0
304495,2.450195,1.38447,0,127.41,0.14412137676989117,1.3,1.08,450.0
304496,2.455078,1.05542,0,127.41,0.1493058051912226,1.3,1.08,450.0
304497,2.464844,0.9152,0,127.41,0.15967466203382508,1.3,1.08,450.0
304498,2.474609,0.83519,0,127.41,0.17004245714632035,1.3,1.08,450.0
304499,2.484375,0.86598,0,127.41,0.18041131398898316,1.3,1.08,450.0
304500,2.495117,0.96691,0,127.41,0.19181641947778763,1.3,1.08,450.0
304501,2.504883,1.15109,0,127.41,0.20218527632045044,1.3,1.08,450.0
304502,2.514648,1.29738,0,127.41,0.21255307143288532,1.3,1.08,450.0
304503,2.524414,1.27383,0,127.41,0.2229219282755482,1.3,1.08,450.0
304504,2.535156,1.15543,0,127.41,0.2343270337643526,1.3,1.08,450.0
304505,2.544922,1.00412,0,127.41,0.24469589060701544,1.3,1.08,450.0
304506,2.549804,0.91643,0,127.41,0.24987925729817928,1.3,1.08,450.0
304507,2.55957,0.91378,0,127.41,0.2602481141408421,1.3,1.08,450.0
304508,2.569336,1.01557,0,127.41,0.27061697098344456,1.3,1.08,450.0
304509,2.580078,1.10844,0,127.41,0.2820220764723094,1.3,1.08,450.0
304510,2.589844,1.14836,0,127.41,0.29239093331491184,1.3,1.08,450.0
304511,2.599609,1.13389,0,127.41,0.3027587284274071,1.3,1.08,450.0
304512,2.609375,1.05209,0,127.41,0.31312758527006995,1.3,1.08,450.0
304513,2.620117,1.01565,0,127.41,0.32453269075887436,1.3,1.08,450.0
304514,2.629883,1.03715,0,127.41,0.3349015476015372,1.3,1.08,450.0
304515,2.639648,1.08151,0,127.41,0.3452693427139721,1.3,1.08,450.0
304516,2.649414,1.1704,0,127.41,0.35563819955663495,1.3,1.08,450.0
304517,2.654297,1.19726,0,127.41,0.3608226279779663,1.3,1.08,450.0
304518,2.665039,1.20834,0,127.41,0.37222773346677074,1.3,1.08,450.0
304519,2.674804,1.22856,0,127.41,0.38259552857926604,1.3,1.08,450.0
304520,2.68457,1.24211,0,127.41,0.3929643854219289,1.3,1.08,450.0
304521,2.694336,1.23398,0,127.41,0.4033332422645313,1.3,1.08,450.0
304522,2.705078,1.22018,0,127.41,0.4147383477533962,1.3,1.08,450.0
304523,2.714844,1.20202,0,127.41,0.4251072045959986,1.3,1.08,450.0
304524,2.724609,1.20204,0,127.41,0.43547499970849385,1.3,1.08,450.0
304525,2.734375,1.24919,0,127.41,0.4458438565511567,1.3,1.08,450.0
304526,2.740234,1.31295,0,127.41,0.4520645336186297,1.3,1.08,450.0
304527,2.75,1.3666,0,127.41,0.46243339046129256,1.3,1.08,450.0
304528,2.759765,1.44492,0,127.41,0.47280118557372747,1.3,1.08,450.0
304529,2.769531,1.53631,0,127.41,0.48317004241639033,1.3,1.08,450.0
304530,2.779297,1.58601,0,127.41,0.4935388992590531,1.3,1.08,450.0
304531,2.790039,1.60006,0,127.41,0.5049440047478575,1.3,1.08,450.0
304532,2.799804,1.58407,0,127.41,0.5153117998603528,1.3,1.08,450.0
304533,2.80957,1.54901,0,127.41,0.5256806567030157,1.3,1.08,450.0
304534,2.819336,1.50365,0,127.41,0.5360495135456181,1.3,1.08,450.0
304535,2.830078,1.4665,0,127.41,0.5474546190344829,1.3,1.08,450.0
304536,2.839844,1.46165,0,127.41,0.5578234758770854,1.3,1.08,450.0
304537,2.849609,1.46685,0,127.41,0.5681912709895806,1.3,1.08,450.0
304538,2.854492,1.48261,0,127.41,0.573375699410912,1.3,1.08,450.0
304539,2.865234,1.46673,0,127.41,0.5847808048997165,1.3,1.08,450.0
304540,2.875,1.39315,0,127.41,0.5951496617423793,1.3,1.08,450.0
304541,2.884765,1.25007,0,127.41,0.6055174568548142,1.3,1.08,450.0
304542,2.894531,1.18179,0,127.41,0.615886313697477,1.3,1.08,450.0
304543,2.904297,1.24652,0,127.41,0.6262551705401399,1.3,1.08,450.0
304544,2.915039,1.26844,0,127.41,0.6376602760289443,1.3,1.08,450.0
304545,2.924804,1.21639,0,127.41,0.6480280711414396,1.3,1.08,450.0
304546,2.93457,1.18948,0,127.41,0.6583969279841023,1.3,1.08,450.0
304547,2.944336,1.22956,0,127.41,0.6687657848267049,1.3,1.08,450.0
304548,2.950195,1.28648,0,127.41,0.6749864618942383,1.3,1.08,450.0
304549,2.959961,1.31273,0,127.41,0.6853553187368407,1.3,1.08,450.0
304550,2.969726,1.28987,0,127.41,0.695723113849336,1.3,1.08,450.0
304551,2.979492,1.21245,0,127.41,0.7060919706919988,1.3,1.08,450.0
304552,2.990234,1.16025,0,127.41,0.7174970761808033,1.3,1.08,450.0
304553,3.0,0.69301,0,127.41,0.727865933023466,1.3,1.08,450.0
304554,3.009765,1.92726,1,145.48,0.0,1.3,1.08,450.0
304555,3.019531,2.7176,0,145.48,0.011839511404084735,1.3,1.08,450.0
304556,3.029297,1.55986,0,145.48,0.02367902280816947,1.3,1.08,450.0
304557,3.040039,0.98035,0,145.48,0.03670175796098812,1.3,1.08,450.0
304558,3.044922,0.69743,0,145.48,0.042621513663030484,1.3,1.08,450.0
304559,3.054687,1.9667,0,145.48,0.054459812747703576,1.3,1.08,450.0
304560,3.064453,2.46951,0,145.48,0.06629932415178831,1.3,1.08,450.0
304561,3.075195,1.85222,0,145.48,0.07932205930460695,1.3,1.08,450.0
304562,3.084961,1.20859,0,145.48,0.09116157070862278,1.3,1.08,450.0
304563,3.094726,1.2929,0,145.48,0.10299986979329587,1.3,1.08,450.0
304564,3.104492,1.59726,0,145.48,0.1148393811973806,1.3,1.08,450.0
304565,3.115234,1.67203,0,145.48,0.12786211635019926,1.3,1.08,450.0
304566,3.125,1.495,0,145.48,0.139701627754284,1.3,1.08,450.0
304567,3.134765,1.3613,0,145.48,0.15153992683888814,1.3,1.08,450.0
304568,3.144531,1.41528,0,145.48,0.1633794382429729,1.3,1.08,450.0
304569,3.154297,1.15474,0,145.48,0.17521894964705761,1.3,1.08,450.0
304570,3.160156,1.12284,0,145.48,0.1823219290978339,1.3,1.08,450.0
304571,3.169922,1.13308,0,145.48,0.19416144050191866,1.3,1.08,450.0
304572,3.179687,1.03121,0,145.48,0.20599973958659173,1.3,1.08,450.0
304573,3.189453,1.05904,0,145.48,0.21783925099067647,1.3,1.08,450.0
304574,3.200195,1.07044,0,145.48,0.23086198614349512,1.3,1.08,450.0
304575,3.209961,1.0455,0,145.48,0.24270149754751094,1.3,1.08,450.0
304576,3.219726,1.06892,0,145.48,0.254539796632184,1.3,1.08,450.0
304577,3.229492,1.031,0,145.48,0.26637930803626875,1.3,1.08,450.0
304578,3.240234,1.00481,0,145.48,0.2794020431890874,1.3,1.08,450.0
304579,3.245117,1.05087,0,145.48,0.2853217988911298,1.3,1.08,450.0
304580,3.254883,1.03708,0,145.48,0.29716131029521453,1.3,1.08,450.0
304581,3.264648,1.07584,0,145.48,0.3089996093798187,1.3,1.08,450.0
304582,3.274414,1.08913,0,145.48,0.3208391207839034,1.3,1.08,450.0
304583,3.285156,1.06601,0,145.48,0.3338618559367221,1.3,1.08,450.0
304584,3.294922,1.06313,0,145.48,0.3457013673408068,1.3,1.08,450.0
304585,3.304687,1.08283,0,145.48,0.3575396664254799,1.3,1.08,450.0
304586,3.314453,1.06252,0,145.48,0.36937917782956464,1.3,1.08,450.0
304587,3.325195,1.0407,0,145.48,0.3824019129823833,1.3,1.08,450.0
304588,3.334961,1.04966,0,145.48,0.3942414243863991,1.3,1.08,450.0
304589,3.344726,1.02292,0,145.48,0.4060797234710722,1.3,1.08,450.0
304590,3.354492,1.03652,0,145.48,0.4179192348751569,1.3,1.08,450.0
304591,3.359375,1.04904,0,145.48,0.42383899057719926,1.3,1.08,450.0
304592,3.370117,1.06298,0,145.48,0.4368617257300179,1.3,1.08,450.0
304593,3.379883,1.02372,0,145.48,0.44870123713410265,1.3,1.08,450.0
304594,3.389648,1.01467,0,145.48,0.4605395362187068,1.3,1.08,450.0
304595,3.399414,1.03052,0,145.48,0.47237904762279154,1.3,1.08,450.0
304596,3.410156,0.99628,0,145.48,0.4854017827756102,1.3,1.08,450.0
304597,3.419922,0.99603,0,145.48,0.4972412941796949,1.3,1.08,450.0
304598,3.429687,1.01948,0,145.48,0.509079593264368,1.3,1.08,450.0
304599,3.439453,1.05244,0,145.48,0.5209191046684528,1.3,1.08,450.0
304600,3.450195,1.05381,0,145.48,0.5339418398212714,1.3,1.08,450.0
304601,3.455078,0.9661,0,145.48,0.5398615955233138,1.3,1.08,450.0
304602,3.464844,1.0929,0,145.48,0.5517011069273295,1.3,1.08,450.0
304603,3.474609,1.08579,0,145.48,0.5635394060120027,1.3,1.08,450.0
304604,3.484375,0.99317,0,145.48,0.5753789174160874,1.3,1.08,450.0
304605,3.495117,1.05672,0,145.48,0.5884016525689061,1.3,1.08,450.0
304606,3.504883,1.04813,0,145.48,0.6002411639729908,1.3,1.08,450.0
304607,3.514648,1.01137,0,145.48,0.612079463057595,1.3,1.08,450.0
304608,3.524414,1.03287,0,145.48,0.6239189744616797,1.3,1.08,450.0
304609,3.535156,1.03749,0,145.48,0.6369417096144984,1.3,1.08,450.0
304610,3.544922,1.05242,0,145.48,0.648781221018583,1.3,1.08,450.0
304611,3.549804,1.0609,0,145.48,0.6546997644012138,1.3,1.08,450.0
304612,3.55957,1.03818,0,145.48,0.6665392758052986,1.3,1.08,450.0
304613,3.569336,1.03619,0,145.48,0.6783787872093144,1.3,1.08,450.0
304614,3.580078,1.05463,0,145.48,0.691401522362202,1.3,1.08,450.0
304615,3.589844,1.03797,0,145.48,0.7032410337662178,1.3,1.08,450.0
304616,3.599609,1.04551,0,145.48,0.7150793328508909,1.3,1.08,450.0
304617,3.609375,1.0221,0,145.48,0.7269188442549755,1.3,1.08,450.0
304618,3.620117,1.02397,0,145.48,0.7399415794077943,1.3,1.08,450.0
304619,3.629883,1.02436,0,145.48,0.7517810908118789,1.3,1.08,450.0
304620,3.639648,0.99879,0,145.48,0.7636193898964831,1.3,1.08,450.0
304621,3.649414,1.00864,0,145.48,0.7754589013005678,1.3,1.08,450.0
304622,3.660156,1.03957,0,145.48,0.7884816364533865,1.3,1.08,450.0
304623,3.665039,1.00125,0,145.48,0.7944013921554289,1.3,1.08,450.0
304624,3.674804,1.04437,0,145.48,0.806239691240102,1.3,1.08,450.0
304625,3.68457,0.99671,0,145.48,0.8180792026441868,1.3,1.08,450.0
304626,3.694336,1.02333,0,145.48,0.8299187140482026,1.3,1.08,450.0
304627,3.705078,1.05019,0,145.48,0.8429414492010902,1.3,1.08,450.0
304628,3.714844,1.0405,0,145.48,0.854780960605106,1.3,1.08,450.0
304629,3.724609,1.04345,0,145.48,0.866619259689779,1.3,1.08,450.0
304630,3.734375,1.03849,0,145.48,0.8784587710938638,1.3,1.08,450.0
304631,3.740234,1.03947,0,145.48,0.88556175054464,1.3,1.08,450.0
304632,3.75,1.01661,0,145.48,0.8974012619487247,1.3,1.08,450.0
304633,3.759765,1.04842,0,145.48,0.9092395610333289,1.3,1.08,450.0
304634,3.769531,1.02068,0,145.48,0.9210790724374136,1.3,1.08,450.0
304635,3.779297,1.08903,0,145.48,0.9329185838414984,1.3,1.08,450.0
304636,3.790039,1.07242,0,145.48,0.945941318994317,1.3,1.08,450.0
304637,3.799804,1.05781,0,145.48,0.9577796180789903,1.3,1.08,450.0
304638,3.80957,1.05271,0,145.48,0.9696191294830748,1.3,1.08,450.0
304639,3.819336,1.05044,0,145.48,0.9814586408870907,1.3,1.08,450.0
304640,3.830078,1.06295,0,145.48,0.9944813760399782,1.3,1.08,450.0
304641,3.839844,1.06656,0,145.48,0.00632088744399395,1.3,1.08,450.0
304642,3.849609,1.07254,0,145.48,0.018159186528667215,1.3,1.08,450.0
304643,3.854492,1.06261,0,145.48,0.0240789422307095,1.3,1.08,450.0
304644,3.865234,1.07149,0,145.48,0.03710167738352821,1.3,1.08,450.0
304645,3.875,1.03506,0,145.48,0.048941188787613,1.3,1.08,450.0
304646,3.884765,1.02531,0,145.48,0.060779487872216986,1.3,1.08,450.0
304647,3.894531,1.04698,0,145.48,0.07261899927630178,1.3,1.08,450.0
304648,3.904297,1.02996,0,145.48,0.08445851068038679,1.3,1.08,450.0
304649,3.915039,0.99696,0,145.48,0.09748124583320528,1.3,1.08,450.0
304650,3.924804,1.12024,0,145.48,0.10931954491787832,1.3,1.08,450.0
304651,3.93457,1.09497,0,145.48,0.12115905632196311,1.3,1.08,450.0
304652,3.944336,1.02264,0,145.48,0.13299856772597907,1.3,1.08,450.0
304653,3.950195,1.0685,0,145.48,0.14010154717682388,1.3,1.08,450.0
304654,3.959961,1.05253,0,145.48,0.15194105858083984,1.3,1.08,450.0
304655,3.969726,1.05041,0,145.48,0.16377935766551288,1.3,1.08,450.0
304656,3.979492,1.03408,0,145.48,0.17561886906959767,1.3,1.08,450.0
304657,3.990234,1.08521,0,145.48,0.18864160422241616,1.3,1.08,450.0
304658,4.0,1.09539,0,145.48,0.20048111562650117,1.3,1.08,450.0
304659,4.009765,1.02796,0,145.48,0.21231941471110516,1.3,1.08,450.0
304660,4.019531,1.05979,0,145.48,0.22415892611518995,1.3,1.08,450.0
304661,4.029297,1.04594,0,145.48,0.23599843751927474,1.3,1.08,450.0
304662,4.040039,1.07138,0,145.48,0.24902117267209345,1.3,1.08,450.0
304663,4.044922,1.00142,0,145.48,0.25494092837413573,1.3,1.08,450.0
304664,4.054687,1.02926,0,145.48,0.2667792274588088,1.3,1.08,450.0
304665,4.064453,0.9946,0,145.48,0.27861873886289357,1.3,1.08,450.0
304666,4.075195,1.02894,0,145.48,0.2916414740157123,1.3,1.08,450.0
304667,4.084961,1.03713,0,145.48,0.303480985419728,1.3,1.08,450.0
304668,4.094726,1.0397,0,145.48,0.31531928450440105,1.3,1.08,450.0
304669,4.104492,1.10006,0,145.48,0.32715879590848584,1.3,1.08,450.0
304670,4.115234,1.21399,0,145.48,0.34018153106130455,1.3,1.08,450.0
304671,4.125,1.26806,0,145.48,0.3520210424653891,1.3,1.08,450.0
304672,4.134765,1.38431,1,129.95,0.0,1.3,1.08,450.0
304673,4.144531,1.49031,0,129.95,0.010576062398011114,1.3,1.08,450.0
304674,4.154297,1.48361,0,129.95,0.02115212479602223,1.3,1.08,450.0
304675,4.160156,1.54934,0,129.95,0.027497112466483283,1.3,1.08,450.0
304676,4.169922,1.71962,0,129.95,0.038073174864494394,1.3,1.08,450.0
304677,4.179687,1.69974,0,129.95,0.048648154315303865,1.3,1.08,450.0
304678,4.189453,1.60095,0,129.95,0.05922421671331498,1.3,1.08,450.0
304679,4.200195,1.50916,0,129.95,0.07085723558278159,1.3,1.08,450.0
304680,4.209961,1.75118,0,129.95,0.08143329798073114,1.3,1.08,450.0
304681,4.219726,1.65841,0,129.95,0.0920082774315406,1.3,1.08,450.0
304682,4.229492,1.70445,0,129.95,0.10258433982955172,1.3,1.08,450.0
304683,4.240234,1.96378,0,129.95,0.11421735869901833,1.3,1.08,450.0
304684,4.245117,2.09575,0,129.95,0.11950538989802388,1.3,1.08,450.0
304685,4.254883,1.16028,0,129.95,0.13008145229603502,1.3,1.08,450.0
304686,4.264648,1.16003,0,129.95,0.1406564317467829,1.3,1.08,450.0
304687,4.274414,1.12225,0,129.95,0.15123249414479403,1.3,1.08,450.0
304688,4.285156,1.06866,0,129.95,0.1628655130142606,1.3,1.08,450.0
304689,4.294922,1.04967,0,129.95,0.17344157541227173,1.3,1.08,450.0
304690,4.304687,1.04566,0,129.95,0.1840165548630812,1.3,1.08,450.0
304691,4.314453,1.15629,0,129.95,0.1945926172610923,1.3,1.08,450.0
304692,4.325195,1.25931,0,129.95,0.20622563613055894,1.3,1.08,450.0
304693,4.334961,1.26093,0,129.95,0.2168016985285085,1.3,1.08,450.0
304694,4.344726,1.23926,0,129.95,0.22737667797931796,1.3,1.08,450.0
304695,4.354492,1.22845,0,129.95,0.23795274037732908,1.3,1.08,450.0
304696,4.359375,1.22036,0,129.95,0.2432407715763346,1.3,1.08,450.0
304697,4.370117,1.15809,0,129.95,0.2548737904458013,1.3,1.08,450.0
304698,4.379883,1.0571,0,129.95,0.26544985284381234,1.3,1.08,450.0
304699,4.389648,0.98625,0,129.95,0.27602483229456026,1.3,1.08,450.0
304700,4.399414,1.02562,0,129.95,0.2866008946925714,1.3,1.08,450.0
304701,4.410156,1.11784,0,129.95,0.298233913562038,1.3,1.08,450.0
304702,4.419922,1.18003,0,129.95,0.3088099759600491,1.3,1.08,450.0
304703,4.429687,1.14416,0,129.95,0.31938495541085854,1.3,1.08,450.0
304704,4.439453,1.07867,0,129.95,0.3299610178088697,1.3,1.08,450.0
304705,4.450195,1.01782,0,129.95,0.3415940366783363,1.3,1.08,450.0
304706,4.455078,1.01247,0,129.95,0.3468820678773418,1.3,1.08,450.0
304707,4.464844,1.07338,0,129.95,0.3574581302752914,1.3,1.08,450.0
304708,4.474609,1.13838,0,129.95,0.36803310972610087,1.3,1.08,450.0
304709,4.484375,1.18737,0,129.95,0.378609172124112,1.3,1.08,450.0
304710,4.495117,1.2833,0,129.95,0.3902421909935786,1.3,1.08,450.0
304711,4.504883,1.34996,0,129.95,0.4008182533915897,1.3,1.08,450.0
304712,4.514648,1.33269,0,129.95,0.41139323284233764,1.3,1.08,450.0
304713,4.524414,1.29817,0,129.95,0.4219692952403487,1.3,1.08,450.0
304714,4.535156,1.26881,0,129.95,0.4336023141098153,1.3,1.08,450.0
304715,4.544922,1.26271,0,129.95,0.4441783765078265,1.3,1.08,450.0
304716,4.549804,1.30112,0,129.95,0.4494653247596304,1.3,1.08,450.0
304717,4.55957,1.38787,0,129.95,0.4600413871576415,1.3,1.08,450.0
304718,4.569336,1.49062,0,129.95,0.47061744955559104,1.3,1.08,450.0
304719,4.580078,1.55179,0,129.95,0.48225046842511915,1.3,1.08,450.0
304720,4.589844,1.4991,0,129.95,0.49282653082306876,1.3,1.08,450.0
304721,4.599609,1.3905,0,129.95,0.5034015102738782,1.3,1.08,450.0
304722,4.609375,1.31079,0,129.95,0.5139775726718894,1.3,1.08,450.0
304723,4.620117,1.32346,0,129.95,0.5256105915413559,1.3,1.08,450.0
304724,4.629883,1.44994,0,129.95,0.536186653939367,1.3,1.08,450.0
304725,4.639648,1.56733,0,129.95,0.546761633390115,1.3,1.08,450.0
304726,4.649414,1.67453,0,129.95,0.5573376957881261,1.3,1.08,450.0
304727,4.660156,1.67712,0,129.95,0.5689707146575926,1.3,1.08,450.0
304728,4.665039,1.57366,0,129.95,0.5742587458565982,1.3,1.08,450.0
304729,4.674804,1.5069,0,129.95,0.5848337253074077,1.3,1.08,450.0
304730,4.68457,1.46254,0,129.95,0.5954097877054189,1.3,1.08,450.0
304731,4.694336,1.4928,0,129.95,0.6059858501033684,1.3,1.08,450.0
304732,4.705078,1.5128,0,129.95,0.6176188689728966,1.3,1.08,450.0
304733,4.714844,1.49831,0,129.95,0.6281949313708461,1.3,1.08,450.0
304734,4.724609,1.48268,0,129.95,0.6387699108216556,1.3,1.08,450.0
304735,4.734375,1.46945,0,129.95,0.6493459732196667,1.3,1.08,450.0
304736,4.740234,1.53063,0,129.95,0.6556909608901278,1.3,1.08,450.0
304737,4.75,1.3525,0,129.95,0.6662670232881389,1.3,1.08,450.0
304738,4.759765,0.61976,0,129.95,0.6768420027388868,1.3,1.08,450.0
304739,4.769531,2.07123,1,153.59,0.0,1.3,1.08,450.0
304740,4.779297,2.11116,0,153.59,0.012499716264712945,1.3,1.08,450.0
304741,4.790039,1.23143,0,153.59,0.026248636202792115,1.3,1.08,450.0
304742,4.799804,0.77781,0,153.59,0.03874707254571178,1.3,1.08,450.0
304743,4.80957,1.25213,0,153.59,0.051246788810424736,1.3,1.08,450.0
304744,4.819336,1.88089,0,153.59,0.06374650507506492,1.3,1.08,450.0
304745,4.830078,1.70295,0,153.59,0.07749542501321685,1.3,1.08,450.0
304746,4.839844,1.30243,0,153.59,0.08999514127785704,1.3,1.08,450.0
304747,4.849609,1.10954,0,153.59,0.10249357762077671,1.3,1.08,450.0
304748,4.854492,1.10316,0,153.59,0.10874343575313318,1.3,1.08,450.0
304749,4.865234,1.31266,0,153.59,0.12249235569121235,1.3,1.08,450.0
304750,4.875,1.35999,0,153.59,0.1349920719559253,1.3,1.08,450.0
304751,4.884765,1.24286,0,153.59,0.14749050829877222,1.3,1.08,450.0
304752,4.894531,1.16005,0,153.59,0.15999022456348516,1.3,1.08,450.0
304753,4.904297,1.14644,0,153.59,0.1724899408281981,1.3,1.08,450.0
304754,4.915039,1.18673,0,153.59,0.18623886076627727,1.3,1.08,450.0
304755,4.924804,1.16904,0,153.59,0.19873729710919694,1.3,1.08,450.0
304756,4.93457,1.14834,0,153.59,0.2112370133739099,1.3,1.08,450.0
304757,4.944336,1.1497,0,153.59,0.2237367296385501,1.3,1.08,450.0
304758,4.950195,1.1261,0,153.59,0.23123579144434553,1.3,1.08,450.0
304759,4.959961,1.19148,0,153.59,0.24373550770898572,1.3,1.08,450.0
304760,4.969726,1.0702,0,153.59,0.25623394405190536,1.3,1.08,450.0
304761,4.979492,1.08189,0,153.59,0.26873366031661833,1.3,1.08,450.0
304762,4.990234,1.0619,0,153.59,0.2824825802546975,1.3,1.08,450.0
304763,5.0,1.07164,0,153.59,0.2949822965194105,1.3,1.08,450.0
304764,5.009765,1.05996,0,153.59,0.30748073286225736,1.3,1.08,450.0
304765,5.019531,1.06113,0,153.59,0.3199804491269703,1.3,1.08,450.0
304766,5.029297,1.02206,0,153.59,0.33248016539168324,1.3,1.08,450.0
