sequence,device_us,elapsed_us,received_utc,received_monotonic_ns,gx_raw,gy_raw,gz_raw,ax_raw,ay_raw,az_raw,gx_dps,gy_dps,gz_dps,ax_g,ay_g,az_g
304238,2898222656,0,2026-10-06T05:19:00.105164+00:00,216960126561612,-304,-492,348,1604,858,3848,-10.64,-17.22,12.18,0.391376,0.209352,0.938912
304239,2898232421,9765,2026-10-06T05:19:00.105296+00:00,216960126681948,-314,-505,378,1774,836,3838,-10.99,-17.675,13.23,0.432856,0.203984,0.936472
304240,2898242187,19531,2026-10-06T05:19:00.106971+00:00,216960128357794,-307,-484,378,1763,745,3919,-10.745,-16.94,13.23,0.430172,0.18178,0.956236
304241,2898251953,29297,2026-10-06T05:19:00.107130+00:00,216960128516595,-254,-448,393,1664,829,3806,-8.89,-15.68,13.755,0.406016,0.202276,0.928664
304242,2898262695,40039,2026-10-06T05:19:00.107283+00:00,216960128669983,-244,-456,422,1817,819,3881,-8.54,-15.96,14.77,0.443348,0.199836,0.946964
304243,2898267578,44922,2026-10-06T05:19:00.151140+00:00,216960172536266,-210,-413,419,1456,849,3967,-7.35,-14.455,14.665,0.355264,0.207156,0.967948
304244,2898277343,54687,2026-10-06T05:19:00.151273+00:00,216960172660504,-192,-407,432,1380,814,3809,-6.72,-14.245,15.12,0.33672,0.198616,0.929396
304245,2898287109,64453,2026-10-06T05:19:00.151450+00:00,216960172837891,-204,-464,505,1734,858,3903,-7.14,-16.24,17.675,0.423096,0.209352,0.952332
304246,2898297851,75195,2026-10-06T05:19:00.151796+00:00,216960173188287,-171,-466,518,1707,763,3838,-5.985,-16.31,18.13,0.416508,0.186172,0.936472
304247,2898307617,84961,2026-10-06T05:19:00.154052+00:00,216960175441275,-132,-490,516,1832,698,3883,-4.62,-17.15,18.06,0.447008,0.170312,0.947452
304248,2898317382,94726,2026-10-06T05:19:00.195247+00:00,216960216645442,-79,-488,499,1748,726,3901,-2.765,-17.08,17.465,0.426512,0.177144,0.951844
304249,2898327148,104492,2026-10-06T05:19:00.195477+00:00,216960216867958,-36,-486,475,1583,718,3857,-1.26,-17.01,16.625,0.386252,0.175192,0.941108
304250,2898337890,115234,2026-10-06T05:19:00.197032+00:00,216960218421912,-13,-531,480,1754,738,3847,-0.455,-18.585,16.8,0.427976,0.180072,0.938668
304251,2898347656,125000,2026-10-06T05:19:00.197272+00:00,216960218661177,9,-558,482,2015,661,3824,0.315,-19.53,16.87,0.49166,0.161284,0.933056
304252,2898357421,134765,2026-10-06T05:19:00.240307+00:00,216960261705405,72,-529,444,1606,705,3921,2.52,-18.515,15.54,0.391864,0.17202,0.956724
304253,2898367187,144531,2026-10-06T05:19:00.240537+00:00,216960261926272,86,-564,420,1869,602,3662,3.01,-19.74,14.7,0.456036,0.146888,0.893528
304254,2898376953,154297,2026-10-06T05:19:00.243123+00:00,216960264512169,78,-623,441,2101,687,3727,2.73,-21.805,15.435,0.512644,0.167628,0.909388
304255,2898382812,160156,2026-10-06T05:19:00.243394+00:00,216960264783061,104,-639,389,1571,789,4024,3.64,-22.365,13.615,0.383324,0.192516,0.981856
304256,2898392578,169922,2026-10-06T05:19:00.243735+00:00,216960265126379,99,-695,349,1655,706,3885,3.465,-24.325,12.215,0.40382,0.172264,0.94794
304257,2898402343,179687,2026-10-06T05:19:00.285383+00:00,216960306779946,88,-777,381,1866,692,3747,3.08,-27.195,13.335,0.455304,0.168848,0.914268
304258,2898412109,189453,2026-10-06T05:19:00.285647+00:00,216960307039020,114,-858,362,2017,505,3681,3.99,-30.03,12.67,0.492148,0.12322,0.898164
304259,2898422851,200195,2026-10-06T05:19:00.288351+00:00,216960309745529,216,-947,327,2009,668,3716,7.56,-33.145,11.445,0.490196,0.162992,0.906704
304260,2898432617,209961,2026-10-06T05:19:00.288673+00:00,216960310064583,250,-1047,327,1862,591,3689,8.75,-36.645,11.445,0.454328,0.144204,0.900116
304261,2898442382,219726,2026-10-06T05:19:00.289121+00:00,216960310512410,318,-1166,349,1860,506,3343,11.13,-40.81,12.215,0.45384,0.123464,0.815692
304262,2898452148,229492,2026-10-06T05:19:00.331266+00:00,216960352660648,362,-1378,415,2019,872,3541,12.67,-48.23,14.525,0.492636,0.212768,0.864004
304263,2898462890,240234,2026-10-06T05:19:00.331430+00:00,216960352820340,291,-1593,439,2010,473,3590,10.185,-55.755,15.365,0.49044,0.115412,0.87596
304264,2898467773,245117,2026-10-06T05:19:00.331752+00:00,216960353141195,407,-1697,369,1656,1185,4380,14.245,-59.395,12.915,0.404064,0.28914,1.06872
304265,2898477539,254883,2026-10-06T05:19:00.332011+00:00,216960353399716,316,-1804,309,1357,1001,4184,11.06,-63.14,10.815,0.331108,0.244244,1.020896
304266,2898487304,264648,2026-10-06T05:19:00.334132+00:00,216960355520512,338,-2025,314,1582,1109,3878,11.83,-70.875,10.99,0.386008,0.270596,0.946232
304267,2898497070,274414,2026-10-06T05:19:00.376331+00:00,216960397725396,291,-2349,358,1740,880,3896,10.185,-82.215,12.53,0.42456,0.21472,0.950624
304268,2898507812,285156,2026-10-06T05:19:00.376542+00:00,216960397931256,299,-2634,366,1391,749,4190,10.465,-92.19,12.81,0.339404,0.182756,1.02236
304269,2898517578,294922,2026-10-06T05:19:00.376855+00:00,216960398243947,290,-2897,352,1572,819,4136,10.15,-101.395,12.32,0.383568,0.199836,1.009184
304270,2898527343,304687,2026-10-06T05:19:00.378068+00:00,216960399459829,210,-3216,339,2017,886,3884,7.35,-112.56,11.865,0.492148,0.216184,0.947696
304271,2898537109,314453,2026-10-06T05:19:00.420366+00:00,216960441766822,129,-3590,289,2164,640,3804,4.515,-125.65,10.115,0.528016,0.15616,0.928176
304272,2898547851,325195,2026-10-06T05:19:00.420674+00:00,216960442064723,152,-3954,262,1767,601,3859,5.32,-138.39,9.17,0.431148,0.146644,0.941596
304273,2898557617,334961,2026-10-06T05:19:00.423092+00:00,216960444483056,125,-4358,318,1695,709,3900,4.375,-152.53,11.13,0.41358,0.172996,0.9516
304274,2898567382,344726,2026-10-06T05:19:00.423330+00:00,216960444720877,18,-4803,420,1813,750,3936,0.63,-168.105,14.7,0.442372,0.183,0.960384
304275,2898577148,354492,2026-10-06T05:19:00.423569+00:00,216960444959899,-25,-5272,456,2008,548,3498,-0.875,-184.52,15.96,0.489952,0.133712,0.853512
304276,2898582031,359375,2026-10-06T05:19:00.465185+00:00,216960486579726,20,-5787,490,2140,639,3728,0.7,-202.545,17.15,0.52216,0.155916,0.909632
304277,2898592773,370117,2026-10-06T05:19:00.465299+00:00,216960486686866,43,-6248,542,1947,615,3400,1.505,-218.68,18.97,0.475068,0.15006,0.8296
304278,2898602539,379883,2026-10-06T05:19:00.468065+00:00,216960489452810,56,-6788,669,2553,747,3693,1.96,-237.58,23.415,0.622932,0.182268,0.901092
304279,2898612304,389648,2026-10-06T05:19:00.468694+00:00,216960490087072,46,-7165,788,2654,672,3555,1.61,-250.775,27.58,0.647576,0.163968,0.86742
304280,2898622070,399414,2026-10-06T05:19:00.468818+00:00,216960490206414,172,-7480,862,3279,629,3652,6.02,-261.8,30.17,0.800076,0.153476,0.891088
304281,2898632812,410156,2026-10-06T05:19:00.510166+00:00,216960531562248,390,-7677,924,4066,547,3691,13.65,-268.695,32.34,0.992104,0.133468,0.900604
304282,2898642578,419922,2026-10-06T05:19:00.510302+00:00,216960531688828,773,-7757,954,4996,452,3721,27.055,-271.495,33.39,1.219024,0.110288,0.907924
304283,2898652343,429687,2026-10-06T05:19:00.512999+00:00,216960534388387,1320,-7728,981,5231,828,3819,46.2,-270.48,34.335,1.276364,0.202032,0.931836
304284,2898662109,439453,2026-10-06T05:19:00.513220+00:00,216960534606234,1742,-7640,1082,4963,1018,3510,60.97,-267.4,37.87,1.210972,0.248392,0.85644
304285,2898672851,450195,2026-10-06T05:19:00.555255+00:00,216960576653995,1960,-7622,1293,4968,1132,3549,68.6,-266.77,45.255,1.212192,0.276208,0.865956
304286,2898677734,455078,2026-10-06T05:19:00.555430+00:00,216960576818167,2085,-7553,1538,4740,1513,4104,72.975,-264.355,53.83,1.15656,0.369172,1.001376
304287,2898687500,464844,2026-10-06T05:19:00.558025+00:00,216960579414482,2140,-7346,1785,4388,1559,3817,74.9,-257.11,62.475,1.070672,0.380396,0.931348
304288,2898697265,474609,2026-10-06T05:19:00.558196+00:00,216960579584113,2152,-7090,2034,4807,1683,3845,75.32,-248.15,71.19,1.172908,0.410652,0.93818
304289,2898707031,484375,2026-10-06T05:19:00.558361+00:00,216960579747684,2339,-6746,2137,4589,1380,3237,81.865,-236.11,74.795,1.119716,0.33672,0.789828
304290,2898717773,495117,2026-10-06T05:19:00.601137+00:00,216960622532514,2664,-6454,2256,5943,1524,3895,93.24,-225.89,78.96,1.450092,0.371856,0.95038
304291,2898727539,504883,2026-10-06T05:19:00.601291+00:00,216960622683261,2750,-5684,2426,6115,1068,3745,96.25,-198.94,84.91,1.49206,0.260592,0.91378
304292,2898737304,514648,2026-10-06T05:19:00.601500+00:00,216960622887873,2554,-4639,2739,6457,675,4324,89.39,-162.365,95.865,1.575508,0.1647,1.055056
304293,2898747070,524414,2026-10-06T05:19:00.601734+00:00,216960623122892,2556,-3264,3004,5472,73,4465,89.46,-114.24,105.14,1.335168,0.017812,1.08946
304294,2898757812,535156,2026-10-06T05:19:00.604167+00:00,216960625559350,3004,-1736,3302,5690,1214,6547,105.14,-60.76,115.57,1.38836,0.296216,1.597468
304295,2898767578,544922,2026-10-06T05:19:00.645083+00:00,216960666480589,2868,-81,3730,3816,687,5391,100.38,-2.835,130.55,0.931104,0.167628,1.315404
304296,2898772460,549804,2026-10-06T05:19:00.645286+00:00,216960666674644,2885,857,3739,4331,2061,5018,100.975,29.995,130.865,1.056764,0.502884,1.224392
304297,2898782226,559570,2026-10-06T05:19:00.647990+00:00,216960669379372,2505,1758,3418,852,2895,2943,87.675,61.53,119.63,0.207888,0.70638,0.718092
304298,2898791992,569336,2026-10-06T05:19:00.648184+00:00,216960669572854,1844,1865,3119,231,2970,1934,64.54,65.275,109.165,0.056364,0.72468,0.471896
304299,2898802734,580078,2026-10-06T05:19:00.648387+00:00,216960669774122,1148,1587,2607,-290,2688,927,40.18,55.545,91.245,-0.07076,0.655872,0.226188
304300,2898812500,589844,2026-10-06T05:19:00.691224+00:00,216960712619666,792,1101,1938,90,2390,1155,27.72,38.535,67.83,0.02196,0.58316,0.28182
304301,2898822265,599609,2026-10-06T05:19:00.691345+00:00,216960712734171,713,784,1155,295,2152,1427,24.955,27.44,40.425,0.07198,0.525088,0.348188
304302,2898832031,609375,2026-10-06T05:19:00.691671+00:00,216960713059614,794,602,283,716,2152,1713,27.79,21.07,9.905,0.174704,0.525088,0.417972
304303,2898842773,620117,2026-10-06T05:19:00.692965+00:00,216960714353954,819,567,-526,1435,2235,2232,28.665,19.845,-18.41,0.35014,0.54534,0.544608
304304,2898852539,629883,2026-10-06T05:19:00.736052+00:00,216960757445166,717,759,-1230,2316,2094,2870,25.095,26.565,-43.05,0.565104,0.510936,0.70028
304305,2898862304,639648,2026-10-06T05:19:00.736174+00:00,216960757562494,525,1232,-1815,3109,1813,3362,18.375,43.12,-63.525,0.758596,0.442372,0.820328
304306,2898872070,649414,2026-10-06T05:19:00.737167+00:00,216960758561164,275,1923,-2237,3593,1327,3591,9.625,67.305,-78.295,0.876692,0.323788,0.876204
304307,2898882812,660156,2026-10-06T05:19:00.737438+00:00,216960758827563,39,2701,-2464,3732,791,3541,1.365,94.535,-86.24,0.910608,0.193004,0.864004
304308,2898887695,665039,2026-10-06T05:19:00.737715+00:00,216960759103468,-157,3433,-2488,3512,191,3152,-5.495,120.155,-87.08,0.856928,0.046604,0.769088
304309,2898897460,674804,2026-10-06T05:19:00.780222+00:00,216960801617769,-250,3990,-2332,3191,-425,2596,-8.75,139.65,-81.62,0.778604,-0.1037,0.633424
304310,2898907226,684570,2026-10-06T05:19:00.782091+00:00,216960803481564,-159,4331,-2075,2879,-804,2117,-5.565,151.585,-72.625,0.702476,-0.196176,0.516548
304311,2898916992,694336,2026-10-06T05:19:00.782319+00:00,216960803708963,32,4477,-1791,2624,-844,1769,1.12,156.695,-62.685,0.640256,-0.205936,0.431636
304312,2898927734,705078,2026-10-06T05:19:00.785219+00:00,216960806609618,193,4456,-1515,2505,-646,1667,6.755,155.96,-53.025,0.61122,-0.157624,0.406748
304313,2898937500,714844,2026-10-06T05:19:00.785484+00:00,216960806875441,259,4355,-1307,2748,-374,1899,9.065,152.425,-45.745,0.670512,-0.091256,0.463356
304314,2898947265,724609,2026-10-06T05:19:00.825241+00:00,216960846637645,240,4306,-1200,3152,-98,2295,8.4,150.71,-42.0,0.769088,-0.023912,0.55998
304315,2898957031,734375,2026-10-06T05:19:00.825516+00:00,216960846903655,161,4386,-1189,3570,81,2771,5.635,153.51,-41.615,0.87108,0.019764,0.676124
304316,2898962890,740234,2026-10-06T05:19:00.828172+00:00,216960849565601,67,4597,-1243,3719,55,3009,2.345,160.895,-43.505,0.907436,0.01342,0.734196
304317,2898972656,750000,2026-10-06T05:19:00.828609+00:00,216960849997618,25,4853,-1306,3645,-108,3014,0.875,169.855,-45.71,0.88938,-0.026352,0.735416
304318,2898982421,759765,2026-10-06T05:19:00.829088+00:00,216960850476848,93,5066,-1335,3536,-237,2945,3.255,177.31,-46.725,0.862784,-0.057828,0.71858
304319,2898992187,769531,2026-10-06T05:19:00.873730+00:00,216960895130248,237,5211,-1316,3425,-240,2775,8.295,182.385,-46.06,0.8357,-0.05856,0.6771
304320,2899001953,779297,2026-10-06T05:19:00.874691+00:00,216960896083407,379,5272,-1244,3297,-67,2646,13.265,184.52,-43.54,0.804468,-0.016348,0.645624
304321,2899012695,790039,2026-10-06T05:19:00.874781+00:00,216960896168927,453,5249,-1136,3195,218,2600,15.855,183.715,-39.76,0.77958,0.053192,0.6344
304322,2899022460,799804,2026-10-06T05:19:00.916294+00:00,216960937690563,453,5174,-1034,3202,569,2644,15.855,181.09,-36.19,0.781288,0.138836,0.645136
304323,2899032226,809570,2026-10-06T05:19:00.916447+00:00,216960937833661,401,5098,-1001,3241,986,2798,14.035,178.43,-35.035,0.790804,0.240584,0.682712
304324,2899041992,819336,2026-10-06T05:19:00.916676+00:00,216960938062482,281,5038,-1076,3072,1230,2904,9.835,176.33,-37.66,0.749568,0.30012,0.708576
304325,2899052734,830078,2026-10-06T05:19:00.916936+00:00,216960938323642,164,4961,-1267,3017,1156,3076,5.74,173.635,-44.345,0.736148,0.282064,0.750544
304326,2899062500,839844,2026-10-06T05:19:00.919170+00:00,216960940561823,234,4925,-1557,3492,1287,3550,8.19,172.375,-54.495,0.852048,0.314028,0.8662
304327,2899072265,849609,2026-10-06T05:19:00.919505+00:00,216960940894869,367,5042,-1911,3911,1702,3884,12.845,176.47,-66.885,0.954284,0.415288,0.947696
304328,2899077148,854492,2026-10-06T05:19:00.919992+00:00,216960941382553,307,5264,-2273,3904,2062,3953,10.745,184.24,-79.555,0.952576,0.503128,0.964532
304329,2899087890,865234,2026-10-06T05:19:00.961470+00:00,216960982877528,81,5445,-2649,3659,2042,3849,2.835,190.575,-92.715,0.892796,0.498248,0.939156
304330,2899097656,875000,2026-10-06T05:19:00.961751+00:00,216960983154372,-133,5535,-3057,3545,1838,3791,-4.655,193.725,-106.995,0.86498,0.448472,0.925004
304331,2899107421,884765,2026-10-06T05:19:00.962052+00:00,216960983438773,-262,5569,-3476,3408,1618,3739,-9.17,194.915,-121.66,0.831552,0.394792,0.912316
304332,2899117187,894531,2026-10-06T05:19:00.963060+00:00,216960984448731,-332,5539,-3847,3265,1496,3757,-11.62,193.865,-134.645,0.79666,0.365024,0.916708
304333,2899126953,904297,2026-10-06T05:19:01.007463+00:00,216961028865418,-405,5450,-4126,3227,1329,3815,-14.175,190.75,-144.41,0.787388,0.324276,0.93086
304334,2899137695,915039,2026-10-06T05:19:01.007699+00:00,216961029087438,-476,5326,-4308,3390,1226,4033,-16.66,186.41,-150.78,0.82716,0.299144,0.984052
304335,2899147460,924804,2026-10-06T05:19:01.007891+00:00,216961029279063,-533,5230,-4400,3666,1158,4304,-18.655,183.05,-154.0,0.894504,0.282552,1.050176
304336,2899157226,934570,2026-10-06T05:19:01.008169+00:00,216961029556648,-588,5197,-4392,4038,1114,4631,-20.58,181.895,-153.72,0.985272,0.271816,1.129964
304337,2899166992,944336,2026-10-06T05:19:01.050200+00:00,216961071591441,-622,5253,-4300,4506,1067,4980,-21.77,183.855,-150.5,1.099464,0.260348,1.21512
304338,2899172851,950195,2026-10-06T05:19:01.050365+00:00,216961071753446,-627,5413,-4152,4831,1001,5120,-21.945,189.455,-145.32,1.178764,0.244244,1.24928
304339,2899182617,959961,2026-10-06T05:19:01.054431+00:00,216961075831331,-614,5616,-3969,4892,849,5001,-21.49,196.56,-138.915,1.193648,0.207156,1.220244
304340,2899192382,969726,2026-10-06T05:19:01.054768+00:00,216961076159099,-546,5765,-3772,4855,683,4683,-19.11,201.775,-132.02,1.18462,0.166652,1.142652
304341,2899202148,979492,2026-10-06T05:19:01.055050+00:00,216961076436729,-433,5810,-3566,4720,484,4223,-15.155,203.35,-124.81,1.15168,0.118096,1.030412
304342,2899212890,990234,2026-10-06T05:19:01.096115+00:00,216961117511610,-301,5711,-3337,4676,354,3835,-10.535,199.885,-116.795,1.140944,0.086376,0.93574
304343,2899222656,1000000,2026-10-06T05:19:01.096230+00:00,216961117617884,-187,5496,-3069,4758,353,3483,-6.545,192.36,-107.415,1.160952,0.086132,0.849852
304344,2899232421,1009765,2026-10-06T05:19:01.096434+00:00,216961117822713,-144,5214,-2745,4857,345,3130,-5.04,182.49,-96.075,1.185108,0.08418,0.76372
304345,2899242187,1019531,2026-10-06T05:19:01.096602+00:00,216961117990667,-135,4885,-2365,4871,115,2721,-4.725,170.975,-82.775,1.188524,0.02806,0.663924
304346,2899251953,1029297,2026-10-06T05:19:01.097909+00:00,216961119297542,-17,4520,-1937,4880,-216,2312,-0.595,158.2,-67.795,1.19072,-0.052704,0.564128
304347,2899257812,1035156,2026-10-06T05:19:01.230159+00:00,216961251553849,254,4141,-1481,4696,-504,1904,8.89,144.935,-51.835,1.145824,-0.122976,0.464576
304348,2899272460,1049804,2026-10-06T05:19:01.230283+00:00,216961251671004,617,3723,-1061,4689,-898,1445,21.595,130.305,-37.135,1.144116,-0.219112,0.35258
304349,2899277343,1054687,2026-10-06T05:19:01.231979+00:00,216961253367942,1028,3286,-681,5152,-273,1045,35.98,115.01,-23.835,1.257088,-0.066612,0.25498
304350,2899287109,1064453,2026-10-06T05:19:01.232210+00:00,216961253597440,1067,2836,-230,5247,156,278,37.345,99.26,-8.05,1.280268,0.038064,0.067832
304351,2899297851,1075195,2026-10-06T05:19:01.232376+00:00,216961253764456,894,2263,167,5240,53,-435,31.29,79.205,5.845,1.27856,0.012932,-0.10614
304352,2899307617,1084961,2026-10-06T05:19:01.233955+00:00,216961255343659,832,1571,374,5274,217,-960,29.12,54.985,13.09,1.286856,0.052948,-0.23424
304353,2899317382,1094726,2026-10-06T05:19:01.234140+00:00,216961255528446,755,804,460,5349,518,-1240,26.425,28.14,16.1,1.305156,0.126392,-0.30256
304354,2899327148,1104492,2026-10-06T05:19:01.234301+00:00,216961255689324,578,-1,518,5329,655,-1372,20.23,-0.035,18.13,1.300276,0.15982,-0.334768
304355,2899337890,1115234,2026-10-06T05:19:01.236818+00:00,216961258217519,400,-828,570,5088,1165,-1354,14.0,-28.98,19.95,1.241472,0.28426,-0.330376
304356,2899347656,1125000,2026-10-06T05:19:01.237000+00:00,216961258388952,-100,-1776,582,4447,2074,-748,-3.5,-62.16,20.37,1.085068,0.506056,-0.182512
304357,2899357421,1134765,2026-10-06T05:19:01.237238+00:00,216961258625779,-692,-2452,388,1101,335,2561,-24.22,-85.82,13.58,0.268644,0.08174,0.624884
304358,2899367187,1144531,2026-10-06T05:19:01.237457+00:00,216961258846793,-255,-2459,164,-1888,2740,8398,-8.925,-86.065,5.74,-0.460672,0.66856,2.049112
304359,2899376953,1154297,2026-10-06T05:19:01.239093+00:00,216961260484616,-454,-2123,49,-4778,2606,11562,-15.89,-74.305,1.715,-1.165832,0.635864,2.821128
304360,2899382812,1160156,2026-10-06T05:19:01.239443+00:00,216961260839467,-1028,-2108,301,-5097,-97,3980,-35.98,-73.78,10.535,-1.243668,-0.023668,0.97112
304361,2899392578,1169922,2026-10-06T05:19:01.239702+00:00,216961261091268,-569,-3291,680,-3303,-545,335,-19.915,-115.185,23.8,-0.805932,-0.13298,0.08174
304362,2899402343,1179687,2026-10-06T05:19:01.276152+00:00,216961297547927,-444,-4825,996,946,-895,1837,-15.54,-168.875,34.86,0.230824,-0.21838,0.448228
304363,2899412109,1189453,2026-10-06T05:19:01.276283+00:00,216961297671039,-67,-5380,1062,4681,-793,5298,-2.345,-188.3,37.17,1.142164,-0.193492,1.292712
304364,2899422851,1200195,2026-10-06T05:19:01.276378+00:00,216961297764761,552,-4511,842,4925,-105,7299,19.32,-157.885,29.47,1.2017,-0.02562,1.780956
304365,2899432617,1209961,2026-10-06T05:19:01.279004+00:00,216961300391885,974,-3347,660,2581,848,6124,34.09,-117.145,23.1,0.629764,0.206912,1.494256
304366,2899442382,1219726,2026-10-06T05:19:01.321415+00:00,216961342811488,997,-2931,713,1601,916,4408,34.895,-102.585,24.955,0.390644,0.223504,1.075552
304367,2899452148,1229492,2026-10-06T05:19:01.321574+00:00,216961342961648,1146,-2927,625,2702,1642,4647,40.11,-102.445,21.875,0.659288,0.400648,1.133868
304368,2899462890,1240234,2026-10-06T05:19:01.321890+00:00,216961343277347,1267,-2642,283,3035,2580,5304,44.345,-92.47,9.905,0.74054,0.62952,1.294176
304369,2899467773,1245117,2026-10-06T05:19:01.322058+00:00,216961343445032,1100,-2170,2,2590,2860,5129,38.5,-75.95,0.07,0.63196,0.69784,1.251476
304370,2899477539,1254883,2026-10-06T05:19:01.322962+00:00,216961344348976,766,-1819,-110,2215,2441,4358,26.81,-63.665,-3.85,0.54046,0.595604,1.063352
304371,2899487304,1264648,2026-10-06T05:19:01.365208+00:00,216961386604629,526,-1610,-121,2055,2137,4349,18.41,-56.35,-4.235,0.50142,0.521428,1.061156
304372,2899497070,1274414,2026-10-06T05:19:01.365395+00:00,216961386782338,318,-1399,-73,1977,2032,4513,11.13,-48.965,-2.555,0.482388,0.495808,1.101172
304373,2899507812,1285156,2026-10-06T05:19:01.367968+00:00,216961389358423,160,-1149,-22,2098,2023,4695,5.6,-40.215,-0.77,0.511912,0.493612,1.14558
304374,2899517578,1294922,2026-10-06T05:19:01.368191+00:00,216961389578850,-43,-837,42,2114,1670,4463,-1.505,-29.295,1.47,0.515816,0.40748,1.088972
304375,2899527343,1304687,2026-10-06T05:19:01.410309+00:00,216961431705332,-43,-519,26,1579,1663,4069,-1.505,-18.165,0.91,0.385276,0.405772,0.992836
304376,2899537109,1314453,2026-10-06T05:19:01.410547+00:00,216961431935977,-31,-394,-19,1404,1407,4024,-1.085,-13.79,-0.665,0.342576,0.343308,0.981856
304377,2899547851,1325195,2026-10-06T05:19:01.413087+00:00,216961434477627,-16,-319,-58,1397,944,3925,-0.56,-11.165,-2.03,0.340868,0.230336,0.9577
304378,2899557617,1334961,2026-10-06T05:19:01.413319+00:00,216961434708246,70,-261,-67,1186,898,4171,2.45,-9.135,-2.345,0.289384,0.219112,1.017724
304379,2899567382,1344726,2026-10-06T05:19:01.413593+00:00,216961434982044,163,-215,-77,1040,811,3852,5.705,-7.525,-2.695,0.25376,0.197884,0.939888
304380,2899572265,1349609,2026-10-06T05:19:01.455528+00:00,216961476924495,263,-235,-77,1129,971,3948,9.205,-8.225,-2.695,0.275476,0.236924,0.963312
304381,2899582031,1359375,2026-10-06T05:19:01.455774+00:00,216961477164553,329,-202,-102,1105,1421,4292,11.515,-7.07,-3.57,0.26962,0.346724,1.047248
304382,2899592773,1370117,2026-10-06T05:19:01.458893+00:00,216961480281851,313,-164,-117,908,1223,3526,10.955,-5.74,-4.095,0.221552,0.298412,0.860344
304383,2899602539,1379883,2026-10-06T05:19:01.458961+00:00,216961480347307,324,-228,-109,1361,1578,3912,11.34,-7.98,-3.815,0.332084,0.385032,0.954528
304384,2899612304,1389648,2026-10-06T05:19:01.459011+00:00,216961480396469,249,-190,-113,1294,1548,3807,8.715,-6.65,-3.955,0.315736,0.377712,0.928908
304385,2899622070,1399414,2026-10-06T05:19:01.500272+00:00,216961521665310,183,-167,-95,1259,1432,3839,6.405,-5.845,-3.325,0.307196,0.349408,0.936716
304386,2899632812,1410156,2026-10-06T05:19:01.500488+00:00,216961521877408,137,-147,-59,1066,1357,3840,4.795,-5.145,-2.065,0.260104,0.331108,0.93696
304387,2899642578,1419922,2026-10-06T05:19:01.502964+00:00,216961524370900,109,-154,-9,1043,1349,3873,3.815,-5.39,-0.315,0.254492,0.329156,0.945012
304388,2899652343,1429687,2026-10-06T05:19:01.503430+00:00,216961524820396,93,-177,42,1143,1370,3658,3.255,-6.195,1.47,0.278892,0.33428,0.892552
304389,2899662109,1439453,2026-10-06T05:19:01.545253+00:00,216961566652797,46,-221,99,1112,1499,3653,1.61,-7.735,3.465,0.271328,0.365756,0.891332
304390,2899672851,1450195,2026-10-06T05:19:01.545405+00:00,216961566795249,-30,-269,147,975,1524,3823,-1.05,-9.415,5.145,0.2379,0.371856,0.932812
304391,2899677734,1455078,2026-10-06T05:19:01.547051+00:00,216961568441193,-93,-314,177,1007,1312,3844,-3.255,-10.99,6.195,0.245708,0.320128,0.937936
304392,2899687500,1464844,2026-10-06T05:19:01.547258+00:00,216961568647726,-108,-346,208,1078,1316,4077,-3.78,-12.11,7.28,0.263032,0.321104,0.994788
304393,2899697265,1474609,2026-10-06T05:19:01.547475+00:00,216961568865562,-110,-348,210,1282,1169,3878,-3.85,-12.18,7.35,0.312808,0.285236,0.946232
304394,2899707031,1484375,2026-10-06T05:19:01.549060+00:00,216961570450210,-102,-362,222,1567,1220,3984,-3.57,-12.67,7.77,0.382348,0.29768,0.972096
304395,2899717773,1495117,2026-10-06T05:19:01.590246+00:00,216961611646228,-90,-334,211,1671,1205,3949,-3.15,-11.69,7.385,0.407724,0.29402,0.963556
304396,2899727539,1504883,2026-10-06T05:19:01.590387+00:00,216961611775736,-51,-269,196,1461,1447,3935,-1.785,-9.415,6.86,0.356484,0.353068,0.96014
304397,2899737304,1514648,2026-10-06T05:19:01.592083+00:00,216961613473205,-59,-247,193,1359,1537,3899,-2.065,-8.645,6.755,0.331596,0.375028,0.951356
304398,2899747070,1524414,2026-10-06T05:19:01.592296+00:00,216961613685664,-81,-253,191,1280,1475,3950,-2.835,-8.855,6.685,0.31232,0.3599,0.9638
304399,2899757812,1535156,2026-10-06T05:19:01.636805+00:00,216961658204860,-108,-245,196,1280,1225,3921,-3.78,-8.575,6.86,0.31232,0.2989,0.956724
304400,2899767578,1544922,2026-10-06T05:19:01.636949+00:00,216961658335552,-102,-249,205,1370,1161,3818,-3.57,-8.715,7.175,0.33428,0.283284,0.931592
304401,2899772460,1549804,2026-10-06T05:19:01.637346+00:00,216961658735173,-75,-255,204,1366,1292,3901,-2.625,-8.925,7.14,0.333304,0.315248,0.951844
304402,2899782226,1559570,2026-10-06T05:19:01.637422+00:00,216961658809492,-76,-241,201,1480,1247,3732,-2.66,-8.435,7.035,0.36112,0.304268,0.910608
304403,2899791992,1569336,2026-10-06T05:19:01.638959+00:00,216961660349338,-91,-236,224,1394,1299,3851,-3.185,-8.26,7.84,0.340136,0.316956,0.939644
304404,2899802734,1580078,2026-10-06T05:19:01.680111+00:00,216961701505115,-97,-232,215,1264,1318,3737,-3.395,-8.12,7.525,0.308416,0.321592,0.911828
304405,2899812500,1589844,2026-10-06T05:19:01.680244+00:00,216961701632124,-115,-257,223,1318,1317,3808,-4.025,-8.995,7.805,0.321592,0.321348,0.929152
304406,2899822265,1599609,2026-10-06T05:19:01.681958+00:00,216961703345071,-134,-268,226,1390,1230,3810,-4.69,-9.38,7.91,0.33916,0.30012,0.92964
304407,2899832031,1609375,2026-10-06T05:19:01.682114+00:00,216961703501008,-129,-257,218,1489,1183,3903,-4.515,-8.995,7.63,0.363316,0.288652,0.952332
304408,2899842773,1620117,2026-10-06T05:19:01.725171+00:00,216961746564351,-104,-231,215,1494,1167,3722,-3.64,-8.085,7.525,0.364536,0.284748,0.908168
304409,2899852539,1629883,2026-10-06T05:19:01.725298+00:00,216961746684714,-93,-226,216,1611,1263,3712,-3.255,-7.91,7.56,0.393084,0.308172,0.905728
304410,2899862304,1639648,2026-10-06T05:19:01.726954+00:00,216961748340747,-114,-216,221,1479,1263,3741,-3.99,-7.56,7.735,0.360876,0.308172,0.912804
304411,2899872070,1649414,2026-10-06T05:19:01.727045+00:00,216961748432715,-126,-197,210,1310,1326,3886,-4.41,-6.895,7.35,0.31964,0.323544,0.948184
304412,2899882812,1660156,2026-10-06T05:19:01.727217+00:00,216961748604577,-143,-205,226,1310,1164,3613,-5.005,-7.175,7.91,0.31964,0.284016,0.881572
304413,2899887695,1665039,2026-10-06T05:19:01.771165+00:00,216961792559727,-167,-255,249,1521,1209,3865,-5.845,-8.925,8.715,0.371124,0.294996,0.94306
304414,2899897460,1674804,2026-10-06T05:19:01.771300+00:00,216961792687018,-165,-213,208,1510,1118,3880,-5.775,-7.455,7.28,0.36844,0.272792,0.94672
304415,2899907226,1684570,2026-10-06T05:19:01.771514+00:00,216961792902270,-134,-208,224,1196,1206,3721,-4.69,-7.28,7.84,0.291824,0.294264,0.907924
304416,2899916992,1694336,2026-10-06T05:19:01.771708+00:00,216961793095787,-147,-265,228,1439,1230,3711,-5.145,-9.275,7.98,0.351116,0.30012,0.905484
304417,2899927734,1705078,2026-10-06T05:19:01.773027+00:00,216961794416392,-170,-283,228,1443,1201,3899,-5.95,-9.905,7.98,0.352092,0.293044,0.951356
304418,2899937500,1714844,2026-10-06T05:19:01.815182+00:00,216961836579234,-177,-280,227,1369,1092,3809,-6.195,-9.8,7.945,0.334036,0.266448,0.929396
304419,2899947265,1724609,2026-10-06T05:19:01.815301+00:00,216961836688864,-176,-288,228,1252,1206,3875,-6.16,-10.08,7.98,0.305488,0.294264,0.9455
304420,2899957031,1734375,2026-10-06T05:19:01.818121+00:00,216961839510624,-199,-319,229,1309,1191,3813,-6.965,-11.165,8.015,0.319396,0.290604,0.930372
304421,2899962890,1740234,2026-10-06T05:19:01.818294+00:00,216961839683141,-234,-360,242,1373,1031,3744,-8.19,-12.6,8.47,0.335012,0.251564,0.913536
304422,2899972656,1750000,2026-10-06T05:19:01.818456+00:00,216961839844648,-252,-403,256,1448,1156,3786,-8.82,-14.105,8.96,0.353312,0.282064,0.923784
304423,2899982421,1759765,2026-10-06T05:19:01.860158+00:00,216961881554955,-300,-429,270,1271,1260,3774,-10.5,-15.015,9.45,0.310124,0.30744,0.920856
304424,2899992187,1769531,2026-10-06T05:19:01.860307+00:00,216961881695443,-360,-468,284,1157,1258,3846,-12.6,-16.38,9.94,0.282308,0.306952,0.938424
304425,2900001953,1779297,2026-10-06T05:19:01.861983+00:00,216961883371879,-411,-507,307,1316,1221,3764,-14.385,-17.745,10.745,0.321104,0.297924,0.918416
304426,2900012695,1790039,2026-10-06T05:19:01.862143+00:00,216961883530080,-463,-541,333,1548,1227,3828,-16.205,-18.935,11.655,0.377712,0.299388,0.934032
304427,2900022460,1799804,2026-10-06T05:19:01.906162+00:00,216961927555228,-488,-534,328,1593,1127,3893,-17.08,-18.69,11.48,0.388692,0.274988,0.949892
304428,2900032226,1809570,2026-10-06T05:19:01.906371+00:00,216961927760726,-475,-511,319,1581,1080,3821,-16.625,-17.885,11.165,0.385764,0.26352,0.932324
304429,2900041992,1819336,2026-10-06T05:19:01.906474+00:00,216961927862509,-475,-514,312,1690,1028,3847,-16.625,-17.99,10.92,0.41236,0.250832,0.938668
304430,2900052734,1830078,2026-10-06T05:19:01.906728+00:00,216961928117506,-451,-495,285,1675,968,3959,-15.785,-17.325,9.975,0.4087,0.236192,0.965996
304431,2900062500,1839844,2026-10-06T05:19:01.908022+00:00,216961929411047,-408,-457,261,1621,959,3831,-14.28,-15.995,9.135,0.395524,0.233996,0.934764
304432,2900067382,1844726,2026-10-06T05:19:01.951138+00:00,216961972533367,-376,-468,250,1753,947,3720,-13.16,-16.38,8.75,0.427732,0.231068,0.90768
304433,2900077148,1854492,2026-10-06T05:19:01.951266+00:00,216961972654505,-347,-469,236,1440,1006,3848,-12.145,-16.415,8.26,0.35136,0.245464,0.938912
304434,2900087890,1865234,2026-10-06T05:19:01.951520+00:00,216961972909497,-315,-504,231,1533,932,3784,-11.025,-17.64,8.085,0.374052,0.227408,0.923296
304435,2900097656,1875000,2026-10-06T05:19:01.951824+00:00,216961973212365,-302,-525,253,1667,1027,3929,-10.57,-18.375,8.855,0.406748,0.250588,0.958676
304436,2900107421,1884765,2026-10-06T05:19:01.953085+00:00,216961974478358,-268,-501,241,1326,968,3764,-9.38,-17.535,8.435,0.323544,0.236192,0.918416
304437,2900117187,1894531,2026-10-06T05:19:01.995246+00:00,216962016643423,-258,-544,272,911,1126,3779,-9.03,-19.04,9.52,0.222284,0.274744,0.922076
304438,2900126953,1904297,2026-10-06T05:19:01.998159+00:00,216962019550583,-350,-654,371,1333,1138,3951,-12.25,-22.89,12.985,0.325252,0.277672,0.964044
304439,2900137695,1915039,2026-10-06T05:19:01.998346+00:00,216962019737003,-390,-660,440,1507,1079,3881,-13.65,-23.1,15.4,0.367708,0.263276,0.946964
304440,2900147460,1924804,2026-10-06T05:19:02.041255+00:00,216962062651442,-376,-652,458,1673,898,3885,-13.16,-22.82,16.03,0.408212,0.219112,0.94794
304441,2900157226,1934570,2026-10-06T05:19:02.041425+00:00,216962062815418,-333,-642,475,2032,770,4027,-11.655,-22.47,16.625,0.495808,0.18788,0.982588
304442,2900166992,1944336,2026-10-06T05:19:02.041754+00:00,216962063145309,-211,-531,423,1493,872,3970,-7.385,-18.585,14.805,0.364292,0.212768,0.96868
304443,2900172851,1950195,2026-10-06T05:19:02.044118+00:00,216962065509481,-170,-537,413,1433,904,3780,-5.95,-18.795,14.455,0.349652,0.220576,0.92232
304444,2900182617,1959961,2026-10-06T05:19:02.044344+00:00,216962065735522,-198,-608,466,1944,764,3859,-6.93,-21.28,16.31,0.474336,0.186416,0.941596
304445,2900192382,1969726,2026-10-06T05:19:02.044523+00:00,216962065910746,-153,-562,444,1627,850,3932,-5.355,-19.67,15.54,0.396988,0.2074,0.959408
304446,2900202148,1979492,2026-10-06T05:19:02.044978+00:00,216962066366827,-120,-569,417,1876,841,3837,-4.2,-19.915,14.595,0.457744,0.205204,0.936228
304447,2900212890,1990234,2026-10-06T05:19:02.086564+00:00,216962107962961,-84,-547,404,1958,736,3795,-2.94,-19.145,14.14,0.477752,0.179584,0.92598
304448,2900222656,2000000,2026-10-06T05:19:02.086966+00:00,216962108357932,-23,-530,354,1854,802,3835,-0.805,-18.55,12.39,0.452376,0.195688,0.93574
304449,2900232421,2009765,2026-10-06T05:19:02.087406+00:00,216962108798706,28,-535,294,1825,750,3828,0.98,-18.725,10.29,0.4453,0.183,0.934032
304450,2900242187,2019531,2026-10-06T05:19:02.088158+00:00,216962109550273,66,-556,271,1894,756,3840,2.31,-19.46,9.485,0.462136,0.184464,0.93696
304451,2900251953,2029297,2026-10-06T05:19:02.130220+00:00,216962151617689,108,-585,246,1889,835,3775,3.78,-20.475,8.61,0.460916,0.20374,0.9211
304452,2900262695,2040039,2026-10-06T05:19:02.132127+00:00,216962153518858,130,-637,231,1898,749,3781,4.55,-22.295,8.085,0.463112,0.182756,0.922564
304453,2900267578,2044922,2026-10-06T05:19:02.132366+00:00,216962153756879,154,-712,226,1978,818,3736,5.39,-24.92,7.91,0.482632,0.199592,0.911584
304454,2900277343,2054687,2026-10-06T05:19:02.134998+00:00,216962156391820,170,-789,213,1726,719,3754,5.95,-27.615,7.455,0.421144,0.175436,0.915976
304455,2900287109,2064453,2026-10-06T05:19:02.135258+00:00,216962156649829,243,-918,204,1786,747,3906,8.505,-32.13,7.14,0.435784,0.182268,0.953064
304456,2900297851,2075195,2026-10-06T05:19:02.175215+00:00,216962196611738,218,-1034,243,1802,542,3268,7.63,-36.19,8.505,0.439688,0.132248,0.797392
304457,2900307617,2084961,2026-10-06T05:19:02.175446+00:00,216962196837566,249,-1195,271,2118,597,3719,8.715,-41.825,9.485,0.516792,0.145668,0.907436
304458,2900317382,2094726,2026-10-06T05:19:02.177181+00:00,216962198571410,328,-1309,266,1612,919,3807,11.48,-45.815,9.31,0.393328,0.224236,0.928908
304459,2900327148,2104492,2026-10-06T05:19:02.177536+00:00,216962198926268,404,-1442,231,1487,1381,4118,14.14,-50.47,8.085,0.362828,0.336964,1.004792
304460,2900337890,2115234,2026-10-06T05:19:02.221397+00:00,216962242794946,344,-1574,239,1361,1252,3951,12.04,-55.09,8.365,0.332084,0.305488,0.964044
304461,2900347656,2125000,2026-10-06T05:19:02.266253+00:00,216962287650834,374,-1774,266,1704,1293,4021,13.09,-62.09,9.31,0.415776,0.315492,0.981124
304462,2900357421,2134765,2026-10-06T05:19:02.266469+00:00,216962287858625,367,-1976,332,1681,945,3764,12.845,-69.16,11.62,0.410164,0.23058,0.918416
304463,2900367187,2144531,2026-10-06T05:19:02.266701+00:00,216962288090971,453,-2228,381,1613,858,3846,15.855,-77.98,13.335,0.393572,0.209352,0.938424
304464,2900376953,2154297,2026-10-06T05:19:02.267003+00:00,216962288392776,561,-2482,398,1470,937,3710,19.635,-86.87,13.93,0.35868,0.228628,0.90524
304465,2900382812,2160156,2026-10-06T05:19:02.269569+00:00,216962290981424,549,-2810,415,1904,944,3762,19.215,-98.35,14.525,0.464576,0.230336,0.917928
304466,2900392578,2169922,2026-10-06T05:19:02.271274+00:00,216962292669105,447,-3095,389,2182,817,3955,15.645,-108.325,13.615,0.532408,0.199348,0.96502
304467,2900402343,2179687,2026-10-06T05:19:02.271396+00:00,216962292785515,410,-3301,306,1779,770,3845,14.35,-115.535,10.71,0.434076,0.18788,0.93818
304468,2900412109,2189453,2026-10-06T05:19:02.271539+00:00,216962292929358,400,-3587,249,1826,819,3791,14.0,-125.545,8.715,0.445544,0.199836,0.925004
304469,2900422851,2200195,2026-10-06T05:19:02.271917+00:00,216962293307746,378,-3890,234,1978,848,3585,13.23,-136.15,8.19,0.482632,0.206912,0.87474
304470,2900432617,2209961,2026-10-06T05:19:02.310283+00:00,216962331681661,347,-4240,253,2353,582,3552,12.145,-148.4,8.855,0.574132,0.142008,0.866688
304471,2900442382,2219726,2026-10-06T05:19:02.310446+00:00,216962331838356,343,-4563,322,2169,890,3547,12.005,-159.705,11.27,0.529236,0.21716,0.865468
304472,2900452148,2229492,2026-10-06T05:19:02.312046+00:00,216962333437528,251,-4922,396,1932,864,3461,8.785,-172.27,13.86,0.471408,0.210816,0.844484
304473,2900462890,2240234,2026-10-06T05:19:02.312333+00:00,216962333724836,231,-5290,467,2078,957,3753,8.085,-185.15,16.345,0.507032,0.233508,0.915732
304474,2900467773,2245117,2026-10-06T05:19:02.312669+00:00,216962334060327,227,-5576,539,2257,981,3251,7.945,-195.16,18.865,0.550708,0.239364,0.793244
304475,2900477539,2254883,2026-10-06T05:19:02.355313+00:00,216962376709679,227,-5900,624,2678,907,3119,7.945,-206.5,21.84,0.653432,0.221308,0.761036
304476,2900487304,2264648,2026-10-06T05:19:02.355551+00:00,216962376941533,232,-6149,674,2642,932,3400,8.12,-215.215,23.59,0.644648,0.227408,0.8296
304477,2900497070,2274414,2026-10-06T05:19:02.357148+00:00,216962378540140,272,-6390,703,3023,825,3164,9.52,-223.65,24.605,0.737612,0.2013,0.772016
304478,2900507812,2285156,2026-10-06T05:19:02.357367+00:00,216962378757194,404,-6600,728,3510,720,3319,14.14,-231.0,25.48,0.85644,0.17568,0.809836
304479,2900517578,2294922,2026-10-06T05:19:02.400983+00:00,216962422389766,644,-6700,710,3765,609,3465,22.54,-234.5,24.85,0.91866,0.148596,0.84546
304480,2900527343,2304687,2026-10-06T05:19:02.401764+00:00,216962423164532,1030,-6775,672,4095,644,3296,36.05,-237.125,23.52,0.99918,0.157136,0.804224
304481,2900537109,2314453,2026-10-06T05:19:02.404834+00:00,216962426246465,1427,-6859,683,4720,865,3356,49.945,-240.065,23.905,1.15168,0.21106,0.818864
304482,2900547851,2325195,2026-10-06T05:19:02.406781+00:00,216962428189029,1733,-6879,787,4900,1117,3437,60.655,-240.765,27.545,1.1956,0.272548,0.838628
304483,2900557617,2334961,2026-10-06T05:19:02.407079+00:00,216962428475224,1920,-6857,929,5059,1270,3330,67.2,-239.995,32.515,1.234396,0.30988,0.81252
304484,2900562500,2339844,2026-10-06T05:19:02.445199+00:00,216962466597452,2005,-6815,1111,4750,1384,3344,70.175,-238.525,38.885,1.159,0.337696,0.815936
304485,2900577148,2354492,2026-10-06T05:19:02.445413+00:00,216962466801394,2027,-6729,1351,4948,1550,3903,70.945,-235.515,47.285,1.207312,0.3782,0.952332
304486,2900582031,2359375,2026-10-06T05:19:02.449001+00:00,216962470392044,2144,-6398,1524,5004,1705,3994,75.04,-223.93,53.34,1.220976,0.41602,0.974536
304487,2900592773,2370117,2026-10-06T05:19:02.449255+00:00,216962470645089,2306,-5983,1672,4632,2159,3674,80.71,-209.405,58.52,1.130208,0.526796,0.896456
304488,2900602539,2379883,2026-10-06T05:19:02.449501+00:00,216962470888769,2276,-5672,1882,4942,1911,3490,79.66,-198.52,65.87,1.205848,0.466284,0.85156
304489,2900612304,2389648,2026-10-06T05:19:02.491171+00:00,216962512569762,2267,-5197,2094,5755,1420,4045,79.345,-181.895,73.29,1.40422,0.34648,0.98698
304490,2900622070,2399414,2026-10-06T05:19:02.491439+00:00,216962512829239,2198,-4304,2361,5734,288,3990,76.93,-150.64,82.635,1.399096,0.070272,0.97356
304491,2900632812,2410156,2026-10-06T05:19:02.491721+00:00,216962513108685,2285,-3232,2744,4769,115,4316,79.975,-113.12,96.04,1.163636,0.02806,1.053104
304492,2900642578,2419922,2026-10-06T05:19:02.494051+00:00,216962515440136,2621,-1814,3113,4921,1659,6060,91.735,-63.49,108.955,1.200724,0.404796,1.47864
304493,2900652343,2429687,2026-10-06T05:19:02.536402+00:00,216962557804047,2383,-184,3522,4748,1699,7405,83.405,-6.44,123.27,1.158512,0.414556,1.80682
304494,2900662109,2439453,2026-10-06T05:19:02.537708+00:00,216962559110394,1573,1344,4166,1737,433,4952,55.055,47.04,145.81,0.423828,0.105652,1.208288
304495,2900672851,2450195,2026-10-06T05:19:02.537845+00:00,216962559234414,1425,1887,4553,2646,1431,4811,49.875,66.045,159.355,0.645624,0.349164,1.173884
304496,2900677734,2455078,2026-10-06T05:19:02.537959+00:00,216962559347627,1179,2535,4576,790,2135,3678,41.265,88.725,160.16,0.19276,0.52094,0.897432
304497,2900687500,2464844,2026-10-06T05:19:02.539322+00:00,216962560716057,834,2780,4361,-33,2778,2520,29.19,97.3,152.635,-0.008052,0.677832,0.61488
304498,2900697265,2474609,2026-10-06T05:19:02.580242+00:00,216962601640084,395,2641,3863,85,2807,1957,13.825,92.435,135.205,0.02074,0.684908,0.477508
304499,2900707031,2484375,2026-10-06T05:19:02.580450+00:00,216962601838914,251,2476,3150,683,2624,2290,8.785,86.66,110.25,0.166652,0.640256,0.55876
304500,2900717773,2495117,2026-10-06T05:19:02.583088+00:00,216962604476847,435,2534,2236,1132,2768,2600,15.225,88.69,78.26,0.276208,0.675392,0.6344
304501,2900727539,2504883,2026-10-06T05:19:02.583336+00:00,216962604725085,661,2750,1182,1734,3232,2967,23.135,96.25,41.37,0.423096,0.788608,0.723948
304502,2900737304,2514648,2026-10-06T05:19:02.583635+00:00,216962605026175,631,3105,160,2208,3596,3235,22.085,108.675,5.6,0.538752,0.877424,0.78934
304503,2900747070,2524414,2026-10-06T05:19:02.626225+00:00,216962647618609,312,3524,-725,2413,3255,3292,10.92,123.34,-25.375,0.588772,0.79422,0.803248
304504,2900757812,2535156,2026-10-06T05:19:02.626426+00:00,216962647816724,21,3943,-1444,2563,2383,3190,0.735,138.005,-50.54,0.625372,0.581452,0.77836
304505,2900767578,2544922,2026-10-06T05:19:02.626751+00:00,216962648141838,-66,4330,-1978,2516,1606,2833,-2.31,151.55,-69.23,0.613904,0.391864,0.691252
304506,2900772460,2549804,2026-10-06T05:19:02.627016+00:00,216962648407127,47,4596,-2308,2468,1063,2624,1.645,160.86,-80.78,0.602192,0.259372,0.640256
304507,2900782226,2559570,2026-10-06T05:19:02.628166+00:00,216962649556210,233,4750,-2449,2584,844,2576,8.155,166.25,-85.715,0.630496,0.205936,0.628544
304508,2900791992,2569336,2026-10-06T05:19:02.671778+00:00,216962693177012,354,4860,-2435,2976,806,2796,12.39,170.1,-85.225,0.726144,0.196664,0.682224
304509,2900802734,2580078,2026-10-06T05:19:02.671920+00:00,216962693307427,368,5021,-2337,3319,807,2995,12.88,175.735,-81.795,0.809836,0.196908,0.73078
304510,2900812500,2589844,2026-10-06T05:19:02.672195+00:00,216962693585178,281,5220,-2218,3472,727,3093,9.835,182.7,-77.63,0.847168,0.177388,0.754692
304511,2900822265,2599609,2026-10-06T05:19:02.672459+00:00,216962693848749,181,5412,-2121,3473,427,3058,6.335,189.42,-74.235,0.847412,0.104188,0.746152
304512,2900832031,2609375,2026-10-06T05:19:02.715262+00:00,216962736656079,181,5548,-2063,3255,72,2827,6.335,194.18,-72.205,0.79422,0.017568,0.689788
304513,2900842773,2620117,2026-10-06T05:19:02.715485+00:00,216962736876514,319,5561,-2032,3163,-69,2705,11.165,194.635,-71.12,0.771772,-0.016836,0.66002
304514,2900852539,2629883,2026-10-06T05:19:02.718052+00:00,216962739443309,488,5490,-1994,3228,90,2764,17.08,192.15,-69.79,0.787632,0.02196,0.674416
304515,2900862304,2639648,2026-10-06T05:19:02.718373+00:00,216962739764682,541,5386,-1914,3348,378,2880,18.935,188.51,-66.99,0.816912,0.092232,0.70272
304516,2900872070,2649414,2026-10-06T05:19:02.718609+00:00,216962740008615,464,5287,-1819,3574,662,3130,16.24,185.045,-63.665,0.872056,0.161528,0.76372
304517,2900876953,2654297,2026-10-06T05:19:02.718875+00:00,216962740267340,326,5241,-1770,3614,832,3213,11.41,183.435,-61.95,0.881816,0.203008,0.783972
304518,2900887695,2665039,2026-10-06T05:19:02.760254+00:00,216962781647858,222,5208,-1773,3573,921,3303,7.77,182.28,-62.055,0.871812,0.224724,0.805932
304519,2900897460,2674804,2026-10-06T05:19:02.760475+00:00,216962781863801,229,5191,-1841,3555,1068,3402,8.015,181.685,-64.435,0.86742,0.260592,0.830088
304520,2900907226,2684570,2026-10-06T05:19:02.762030+00:00,216962783419039,272,5194,-1950,3445,1438,3461,9.52,181.79,-68.25,0.84058,0.350872,0.844484
304521,2900916992,2694336,2026-10-06T05:19:02.762267+00:00,216962783655490,249,5176,-2092,3247,1687,3491,8.715,181.16,-73.22,0.792268,0.411628,0.851804
304522,2900927734,2705078,2026-10-06T05:19:02.805203+00:00,216962826597121,192,5119,-2286,3113,1808,3471,6.72,179.165,-80.01,0.759572,0.441152,0.846924
304523,2900937500,2714844,2026-10-06T05:19:02.805522+00:00,216962826911526,171,5030,-2537,2995,1854,3444,5.985,176.05,-88.795,0.73078,0.452376,0.840336
304524,2900947265,2724609,2026-10-06T05:19:02.808164+00:00,216962829552827,198,4913,-2834,2943,1885,3472,6.93,171.955,-99.19,0.718092,0.45994,0.847168
304525,2900957031,2734375,2026-10-06T05:19:02.808451+00:00,216962829840339,259,4782,-3176,3023,1957,3639,9.065,167.37,-111.16,0.737612,0.477508,0.887916
304526,2900962890,2740234,2026-10-06T05:19:02.808782+00:00,216962830172675,284,4676,-3544,3151,1985,3884,9.94,163.66,-124.04,0.768844,0.48434,0.947696
304527,2900972656,2750000,2026-10-06T05:19:02.850333+00:00,216962871727317,256,4610,-3889,3267,1888,4139,8.96,161.35,-136.115,0.797148,0.460672,1.009916
304528,2900982421,2759765,2026-10-06T05:19:02.850618+00:00,216962872020948,212,4580,-4172,3500,1644,4485,7.42,160.3,-146.02,0.854,0.401136,1.09434
304529,2900992187,2769531,2026-10-06T05:19:02.855169+00:00,216962876566697,198,4629,-4379,3794,1410,4823,6.93,162.015,-153.265,0.925736,0.34404,1.176812
304530,2901001953,2779297,2026-10-06T05:19:02.856027+00:00,216962877420837,180,4753,-4460,3936,1236,5023,6.3,166.355,-156.1,0.960384,0.301584,1.225612
304531,2901012695,2790039,2026-10-06T05:19:02.896227+00:00,216962917623585,118,4897,-4399,4033,996,5074,4.13,171.395,-153.965,0.984052,0.243024,1.238056
304532,2901022460,2799804,2026-10-06T05:19:02.896499+00:00,216962917891363,51,5021,-4228,4061,765,5007,1.785,175.735,-147.98,0.990884,0.18666,1.221708
304533,2901032226,2809570,2026-10-06T05:19:02.896766+00:00,216962918158270,7,5097,-3975,4070,567,4839,0.245,178.395,-139.125,0.99308,0.138348,1.180716
304534,2901041992,2819336,2026-10-06T05:19:02.897005+00:00,216962918396003,-1,5107,-3676,4055,378,4625,-0.035,178.745,-128.66,0.98942,0.092232,1.1285
304535,2901052734,2830078,2026-10-06T05:19:02.899088+00:00,216962920480839,31,5042,-3367,4058,290,4424,1.085,176.47,-117.845,0.990152,0.07076,1.079456
304536,2901062500,2839844,2026-10-06T05:19:02.942289+00:00,216962963685032,77,4912,-3057,4166,315,4293,2.695,171.92,-106.995,1.016504,0.07686,1.047492
304537,2901072265,2849609,2026-10-06T05:19:02.985272+00:00,216963006668973,122,4753,-2757,4329,391,4153,4.27,166.355,-96.495,1.056276,0.095404,1.013332
304538,2901077148,2854492,2026-10-06T05:19:02.985626+00:00,216963007021684,178,4597,-2484,4527,509,4021,6.23,160.895,-86.94,1.104588,0.124196,0.981124
304539,2901087890,2865234,2026-10-06T05:19:02.987952+00:00,216963009356444,264,4460,-2255,4667,611,3739,9.24,156.1,-78.925,1.138748,0.149084,0.912316
304540,2901097656,2875000,2026-10-06T05:19:02.988613+00:00,216963010016462,375,4321,-2065,4641,538,3282,13.125,151.235,-72.275,1.132404,0.131272,0.800808
304541,2901107421,2884765,2026-10-06T05:19:02.989027+00:00,216963010418193,540,4123,-1916,4357,286,2680,18.9,144.305,-67.06,1.063108,0.069784,0.65392
304542,2901117187,2894531,2026-10-06T05:19:02.989512+00:00,216963010904089,746,3802,-1794,4344,12,2142,26.11,133.07,-62.79,1.059936,0.002928,0.522648
304543,2901126953,2904297,2026-10-06T05:19:02.989817+00:00,216963011208662,929,3413,-1653,4771,327,1797,32.515,119.455,-57.855,1.164124,0.079788,0.438468
304544,2901137695,2915039,2026-10-06T05:19:02.990050+00:00,216963011442530,823,3026,-1403,5022,476,1256,28.805,105.91,-49.105,1.225368,0.116144,0.306464
304545,2901147460,2924804,2026-10-06T05:19:02.992165+00:00,216963013559863,553,2590,-1090,4960,116,487,19.355,90.65,-38.15,1.21024,0.028304,0.118828
304546,2901157226,2934570,2026-10-06T05:19:03.031208+00:00,216963052601555,431,2027,-810,4869,-128,-203,15.085,70.945,-28.35,1.188036,-0.031232,-0.049532
304547,2901166992,2944336,2026-10-06T05:19:03.031449+00:00,216963052838838,440,1349,-561,4998,-61,-640,15.4,47.215,-19.635,1.219512,-0.014884,-0.15616
304548,2901172851,2950195,2026-10-06T05:19:03.031743+00:00,216963053132565,434,635,-314,5210,83,-805,15.19,22.225,-10.99,1.27124,0.020252,-0.19642
304549,2901182617,2959961,2026-10-06T05:19:03.034123+00:00,216963055512472,377,-60,-87,5315,318,-771,13.195,-2.1,-3.045,1.29686,0.077592,-0.188124
304550,2901192382,2969726,2026-10-06T05:19:03.075241+00:00,216963096640224,236,-732,97,5215,554,-665,8.26,-25.62,3.395,1.27246,0.135176,-0.16226
304551,2901202148,2979492,2026-10-06T05:19:03.075509+00:00,216963096899131,55,-1404,234,4775,1245,-584,1.925,-49.14,8.19,1.1651,0.30378,-0.142496
304552,2901212890,2990234,2026-10-06T05:19:03.077047+00:00,216963098435713,-536,-2230,310,4219,2188,-155,-18.76,-78.05,10.85,1.029436,0.533872,-0.03782
304553,2901222656,3000000,2026-10-06T05:19:03.077398+00:00,216963098787172,-1425,-2891,170,904,913,2533,-49.875,-101.185,5.95,0.220576,0.222772,0.618052
304554,2901232421,3009765,2026-10-06T05:19:03.077719+00:00,216963099109136,-1424,-3037,-116,-884,2191,7537,-49.84,-106.295,-4.06,-0.215696,0.534604,1.839028
304555,2901242187,3019531,2026-10-06T05:19:03.121325+00:00,216963142729906,-1523,-2715,-226,-3547,1694,10421,-53.305,-95.025,-7.91,-0.865468,0.413336,2.542724
304556,2901251953,3029297,2026-10-06T05:19:03.122078+00:00,216963143469568,-1766,-2677,-71,-4278,-1110,4619,-61.81,-93.695,-2.485,-1.043832,-0.27084,1.127036
304557,2901262695,3040039,2026-10-06T05:19:03.122420+00:00,216963143809340,-1273,-3688,445,-3396,-2072,563,-44.555,-129.08,15.575,-0.828624,-0.505568,0.137372
304558,2901267578,3044922,2026-10-06T05:19:03.122716+00:00,216963144105180,-954,-5252,1060,294,-2247,1742,-33.39,-183.82,37.1,0.071736,-0.548268,0.425048
304559,2901277343,3054687,2026-10-06T05:19:03.123161+00:00,216963144552487,-441,-5986,1379,5244,-1795,5852,-15.435,-209.51,48.265,1.279536,-0.43798,1.427888
304560,2901287109,3064453,2026-10-06T05:19:03.165273+00:00,216963186668565,349,-4961,1259,6251,-795,7920,12.215,-173.635,44.065,1.525244,-0.19398,1.93248
304561,2901297851,3075195,2026-10-06T05:19:03.165441+00:00,216963186830871,983,-3428,987,3776,264,6580,34.405,-119.98,34.545,0.921344,0.064416,1.60552
304562,2901307617,3084961,2026-10-06T05:19:03.168181+00:00,216963189572342,1310,-2690,817,1681,1094,4529,45.85,-94.15,28.595,0.410164,0.266936,1.105076
304563,2901317382,3094726,2026-10-06T05:19:03.168372+00:00,216963189762467,1406,-2677,679,2111,1758,4531,49.21,-93.695,23.765,0.515084,0.428952,1.105564
304564,2901327148,3104492,2026-10-06T05:19:03.211383+00:00,216963232781073,1475,-2540,401,2818,2581,5315,51.625,-88.9,14.035,0.687592,0.629764,1.29686
304565,2901337890,3115234,2026-10-06T05:19:03.211678+00:00,216963233069020,1329,-2114,143,3189,3020,5260,46.515,-73.99,5.005,0.778116,0.73688,1.28344
304566,2901347656,3125000,2026-10-06T05:19:03.211883+00:00,216963233274065,931,-1604,50,2738,2902,4650,32.585,-56.14,1.75,0.668072,0.708088,1.1346
304567,2901357421,3134765,2026-10-06T05:19:03.212165+00:00,216963233555931,562,-1231,39,1785,2879,4433,19.67,-43.085,1.365,0.43554,0.702476,1.081652
304568,2901367187,3144531,2026-10-06T05:19:03.213070+00:00,216963234461702,201,-1039,67,1788,3067,4587,7.035,-36.365,2.345,0.436272,0.748348,1.119228
304569,2901376953,3154297,2026-10-06T05:19:03.300300+00:00,216963321696729,-280,-865,156,1862,2090,3816,-9.8,-30.275,5.46,0.454328,0.50996,0.931104
304570,2901382812,3160156,2026-10-06T05:19:03.300712+00:00,216963322105171,-392,-699,145,1463,1772,3987,-13.72,-24.465,5.075,0.356972,0.432368,0.972828
304571,2901392578,3169922,2026-10-06T05:19:03.303585+00:00,216963324990634,-473,-548,150,1685,1360,4108,-16.555,-19.18,5.25,0.41114,0.33184,1.002352
304572,2901402343,3179687,2026-10-06T05:19:03.303879+00:00,216963325270984,-481,-385,194,1216,1012,3919,-16.835,-13.475,6.79,0.296704,0.246928,0.956236
304573,2901412109,3189453,2026-10-06T05:19:03.304150+00:00,216963325542130,-395,-335,202,1163,861,4092,-13.825,-11.725,7.07,0.283772,0.210084,0.998448
304574,2901422851,3200195,2026-10-06T05:19:03.304552+00:00,216963325944208,-291,-285,186,1317,857,4096,-10.185,-9.975,6.51,0.321348,0.209108,0.999424
304575,2901432617,3209961,2026-10-06T05:19:03.304833+00:00,216963326224225,-177,-248,141,1345,779,3993,-6.195,-8.68,4.935,0.32818,0.190076,0.974292
304576,2901442382,3219726,2026-10-06T05:19:03.306181+00:00,216963327573345,-49,-213,84,1347,869,4077,-1.715,-7.455,2.94,0.328668,0.212036,0.994788
304577,2901452148,3229492,2026-10-06T05:19:03.306423+00:00,216963327815383,36,-182,45,1245,952,3924,1.26,-6.37,1.575,0.30378,0.232288,0.957456
304578,2901462890,3240234,2026-10-06T05:19:03.306799+00:00,216963328191177,89,-190,22,1129,1052,3818,3.115,-6.65,0.77,0.275476,0.256688,0.931592
304579,2901467773,3245117,2026-10-06T05:19:03.345373+00:00,216963366772030,136,-201,-6,1205,1273,3934,4.76,-7.035,-0.21,0.29402,0.310612,0.959896
304580,2901477539,3254883,2026-10-06T05:19:03.345738+00:00,216963367130522,125,-185,-8,1205,1312,3859,4.375,-6.475,-0.28,0.29402,0.320128,0.941596
304581,2901487304,3264648,2026-10-06T05:19:03.347134+00:00,216963368525953,115,-182,8,1333,1471,3937,4.025,-6.37,0.28,0.325252,0.358924,0.960628
304582,2901497070,3274414,2026-10-06T05:19:03.347414+00:00,216963368803837,77,-138,10,1378,1633,3919,2.695,-4.83,0.35,0.336232,0.398452,0.956236
304583,2901507812,3285156,2026-10-06T05:19:03.391413+00:00,216963412807340,-15,-99,20,1182,1514,3924,-0.525,-3.465,0.7,0.288408,0.369416,0.957456
304584,2901517578,3294922,2026-10-06T05:19:03.391766+00:00,216963413156560,-72,-100,34,1096,1359,3992,-2.52,-3.5,1.19,0.267424,0.331596,0.974048
304585,2901527343,3304687,2026-10-06T05:19:03.392120+00:00,216963413510505,-84,-95,45,1185,1240,4093,-2.94,-3.325,1.575,0.28914,0.30256,0.998692
304586,2901537109,3314453,2026-10-06T05:19:03.392489+00:00,216963413878547,-62,-57,29,1206,1104,4036,-2.17,-1.995,1.015,0.294264,0.269376,0.984784
304587,2901547851,3325195,2026-10-06T05:19:03.394141+00:00,216963415531111,-36,-48,24,1287,871,3972,-1.26,-1.68,0.84,0.314028,0.212524,0.969168
304588,2901557617,3334961,2026-10-06T05:19:03.435332+00:00,216963456731404,42,-49,7,1393,1017,3941,1.47,-1.715,0.245,0.339892,0.248148,0.961604
304589,2901567382,3344726,2026-10-06T05:19:03.437313+00:00,216963458710615,60,-59,2,1450,1020,3799,2.1,-2.065,0.07,0.3538,0.24888,0.926956
304590,2901577148,3354492,2026-10-06T05:19:03.437533+00:00,216963458925099,55,-103,15,1375,956,3904,1.925,-3.605,0.525,0.3355,0.233264,0.952576
304591,2901582031,3359375,2026-10-06T05:19:03.437791+00:00,216963459180477,102,-100,-1,1457,1051,3906,3.57,-3.5,-0.035,0.355508,0.256444,0.953064
304592,2901592773,3370117,2026-10-06T05:19:03.439127+00:00,216963460516920,154,-78,25,1188,1252,4000,5.39,-2.73,0.875,0.289872,0.305488,0.976
304593,2901602539,3379883,2026-10-06T05:19:03.480260+00:00,216963501658616,175,-76,21,1174,1473,3749,6.125,-2.66,0.735,0.286456,0.359412,0.914756
304594,2901612304,3389648,2026-10-06T05:19:03.480488+00:00,216963501878065,113,-142,59,1238,1389,3719,3.955,-4.97,2.065,0.302072,0.338916,0.907436
304595,2901622070,3399414,2026-10-06T05:19:03.482123+00:00,216963503514572,25,-203,121,1405,1050,3842,0.875,-7.105,4.235,0.34282,0.2562,0.937448
304596,2901632812,3410156,2026-10-06T05:19:03.482364+00:00,216963503752593,39,-208,150,1158,1082,3763,1.365,-7.28,5.25,0.282552,0.264008,0.918172
304597,2901642578,3419922,2026-10-06T05:19:03.526207+00:00,216963547603772,50,-253,179,1151,1194,3730,1.75,-8.855,6.265,0.280844,0.291336,0.91012
304598,2901652343,3429687,2026-10-06T05:19:03.526502+00:00,216963547892631,1,-310,240,1316,1236,3768,0.035,-10.85,8.4,0.321104,0.301584,0.919392
304599,2901662109,3439453,2026-10-06T05:19:03.526795+00:00,216963548186240,-31,-331,267,1420,1346,3844,-1.085,-11.585,9.345,0.34648,0.328424,0.937936
304600,2901672851,3450195,2026-10-06T05:19:03.528058+00:00,216963549449561,-45,-306,246,1289,1372,3887,-1.575,-10.71,8.61,0.314516,0.334768,0.948428
304601,2901677734,3455078,2026-10-06T05:19:03.528334+00:00,216963549726089,-82,-319,263,1336,1145,3547,-2.87,-11.165,9.205,0.325984,0.27938,0.865468
304602,2901687500,3464844,2026-10-06T05:19:03.570438+00:00,216963591838401,-107,-363,288,1680,1328,3934,-3.745,-12.705,10.08,0.40992,0.324032,0.959896
304603,2901697265,3474609,2026-10-06T05:19:03.570664+00:00,216963592053085,-153,-288,253,1469,1143,4042,-5.355,-10.08,8.855,0.358436,0.278892,0.986248
304604,2901707031,3484375,2026-10-06T05:19:03.616100+00:00,216963637491940,-140,-265,270,1014,1142,3773,-4.9,-9.275,9.45,0.247416,0.278648,0.920612
304605,2901717773,3495117,2026-10-06T05:19:03.616257+00:00,216963637644071,-126,-306,276,1466,1353,3844,-4.41,-10.71,9.66,0.357704,0.330132,0.937936
304606,2901727539,3504883,2026-10-06T05:19:03.616391+00:00,216963637777920,-161,-287,270,1431,1273,3845,-5.635,-10.045,9.45,0.349164,0.310612,0.93818
304607,2901737304,3514648,2026-10-06T05:19:03.616525+00:00,216963637910612,-176,-284,256,1319,1174,3750,-6.16,-9.94,8.96,0.321836,0.286456,0.915
304608,2901747070,3524414,2026-10-06T05:19:03.618051+00:00,216963639441208,-184,-298,256,1365,1216,3818,-6.44,-10.43,8.96,0.33306,0.296704,0.931592
304609,2901757812,3535156,2026-10-06T05:19:03.618415+00:00,216963639806265,-203,-310,255,1376,1171,3849,-7.105,-10.85,8.925,0.335744,0.285724,0.939156
304610,2901767578,3544922,2026-10-06T05:19:03.619095+00:00,216963640486263,-210,-307,248,1464,1097,3906,-7.35,-10.745,8.68,0.357216,0.267668,0.953064
304611,2901772460,3549804,2026-10-06T05:19:03.619916+00:00,216963641304454,-187,-284,237,1484,1166,3917,-6.545,-9.94,8.295,0.362096,0.284504,0.955748
304612,2901782226,3559570,2026-10-06T05:19:03.660962+00:00,216963682378494,-181,-264,221,1357,1106,3878,-6.335,-9.24,7.735,0.331108,0.269864,0.946232
304613,2901791992,3569336,2026-10-06T05:19:03.661944+00:00,216963683350796,-173,-278,213,1508,1052,3828,-6.055,-9.73,7.455,0.367952,0.256688,0.934032
304614,2901802734,3580078,2026-10-06T05:19:03.662713+00:00,216963684118506,-165,-277,210,1684,1038,3843,-5.775,-9.695,7.35,0.410896,0.253272,0.937692
304615,2901812500,3589844,2026-10-06T05:19:03.663615+00:00,216963685038752,-156,-264,189,1521,1026,3838,-5.46,-9.24,6.615,0.371124,0.250344,0.936472
304616,2901822265,3599609,2026-10-06T05:19:03.751229+00:00,216963772621934,-157,-258,174,1346,1058,3928,-5.495,-9.03,6.09,0.328424,0.258152,0.958432
304617,2901832031,3609375,2026-10-06T05:19:03.751349+00:00,216963772737841,-147,-255,166,1326,1040,3835,-5.145,-8.925,5.81,0.323544,0.25376,0.93574
304618,2901842773,3620117,2026-10-06T05:19:03.751550+00:00,216963772937292,-155,-284,184,1431,1109,3786,-5.425,-9.94,6.44,0.349164,0.270596,0.923784
304619,2901852539,3629883,2026-10-06T05:19:03.753134+00:00,216963774527269,-189,-309,194,1439,1125,3780,-6.615,-10.815,6.79,0.351116,0.2745,0.92232
304620,2901862304,3639648,2026-10-06T05:19:03.753364+00:00,216963774753500,-239,-341,212,1405,1090,3687,-8.365,-11.935,7.42,0.34282,0.26596,0.899628
304621,2901872070,3649414,2026-10-06T05:19:03.753557+00:00,216963774946631,-289,-396,241,1448,1160,3694,-10.115,-13.86,8.435,0.353312,0.28304,0.901336
304622,2901882812,3660156,2026-10-06T05:19:03.753723+00:00,216963775112176,-362,-428,254,1352,1106,3886,-12.67,-14.98,8.89,0.329888,0.269864,0.948184
304623,2901887695,3665039,2026-10-06T05:19:03.754922+00:00,216963776310725,-387,-453,267,1398,1008,3724,-13.545,-15.855,9.345,0.341112,0.245952,0.908656
304624,2901897460,3674804,2026-10-06T05:19:03.755087+00:00,216963776475777,-387,-480,285,1404,1096,3892,-13.545,-16.8,9.975,0.342576,0.267424,0.949648
304625,2901907226,3684570,2026-10-06T05:19:03.757117+00:00,216963778509741,-398,-489,292,1320,1055,3719,-13.93,-17.115,10.22,0.32208,0.25742,0.907436
304626,2901916992,3694336,2026-10-06T05:19:03.796188+00:00,216963817583207,-422,-542,324,1380,1126,3797,-14.77,-18.97,11.34,0.33672,0.274744,0.926468
304627,2901927734,3705078,2026-10-06T05:19:03.796309+00:00,216963817697369,-447,-579,349,1334,1116,3937,-15.645,-20.265,12.215,0.325496,0.272304,0.960628
304628,2901937500,3714844,2026-10-06T05:19:03.796502+00:00,216963817890378,-470,-589,355,1389,1007,3904,-16.45,-20.615,12.425,0.338916,0.245708,0.952576
304629,2901947265,3724609,2026-10-06T05:19:03.798985+00:00,216963820373366,-463,-591,354,1481,977,3891,-16.205,-20.685,12.39,0.361364,0.238388,0.949404
304630,2901957031,3734375,2026-10-06T05:19:03.841293+00:00,216963862688862,-449,-595,347,1449,857,3909,-15.715,-20.825,12.145,0.353556,0.209108,0.953796
304631,2901962890,3740234,2026-10-06T05:19:03.841408+00:00,216963862795921,-380,-575,338,1217,931,3975,-13.3,-20.125,11.83,0.296948,0.227164,0.9699
304632,2901972656,3750000,2026-10-06T05:19:03.841721+00:00,216963863109725,-363,-615,363,1536,870,3774,-12.705,-21.525,12.705,0.374784,0.21228,0.920856
304633,2901982421,3759765,2026-10-06T05:19:03.841894+00:00,216963863282728,-346,-640,398,1660,928,3853,-12.11,-22.4,13.93,0.40504,0.226432,0.940132
304634,2901992187,3769531,2026-10-06T05:19:03.842978+00:00,216963864366040,-302,-608,373,1227,898,3897,-10.57,-21.28,13.055,0.299388,0.219112,0.950868
304635,2902001953,3779297,2026-10-06T05:19:03.843134+00:00,216963864521962,-295,-642,411,1644,938,4042,-10.325,-22.47,14.385,0.401136,0.228872,0.986248
304636,2902012695,3790039,2026-10-06T05:19:03.889171+00:00,216963910566026,-261,-606,419,1728,835,3954,-9.135,-21.21,14.665,0.421632,0.20374,0.964776
304637,2902022460,3799804,2026-10-06T05:19:03.889318+00:00,216963910705373,-215,-576,424,1783,744,3881,-7.525,-20.16,14.84,0.435052,0.181536,0.946964
304638,2902032226,3809570,2026-10-06T05:19:03.889559+00:00,216963910947049,-147,-564,434,1735,811,3866,-5.145,-19.74,15.19,0.42334,0.197884,0.943304
304639,2902041992,3819336,2026-10-06T05:19:03.889852+00:00,216963911241356,-109,-573,445,1503,815,3951,-3.815,-20.055,15.575,0.366732,0.19886,0.964044
304640,2902052734,3830078,2026-10-06T05:19:03.930134+00:00,216963951527082,-83,-610,470,1561,927,3960,-2.905,-21.35,16.45,0.380884,0.226188,0.96624
304641,2902062500,3839844,2026-10-06T05:19:03.930253+00:00,216963951639492,-76,-643,486,1751,854,3913,-2.66,-22.505,17.01,0.427244,0.208376,0.954772
304642,2902072265,3849609,2026-10-06T05:19:03.931973+00:00,216963953360976,-35,-654,482,1779,853,3928,-1.225,-22.89,16.87,0.434076,0.208132,0.958432
304643,2902077148,3854492,2026-10-06T05:19:03.932071+00:00,216963953458730,10,-676,463,1932,746,3831,0.35,-23.66,16.205,0.471408,0.182024,0.934764
304644,2902087890,3865234,2026-10-06T05:19:03.932279+00:00,216963953667086,55,-701,444,1886,735,3897,1.925,-24.535,15.54,0.460184,0.17934,0.950868
304645,2902097656,3875000,2026-10-06T05:19:03.976224+00:00,216963997618224,99,-732,415,1775,665,3795,3.465,-25.62,14.525,0.4331,0.16226,0.92598
304646,2902107421,3884765,2026-10-06T05:19:03.976399+00:00,216963997788635,159,-789,405,1685,696,3786,5.565,-27.615,14.175,0.41114,0.169824,0.923784
304647,2902117187,3894531,2026-10-06T05:19:03.976577+00:00,216963997964289,166,-874,409,1933,591,3785,5.81,-30.59,14.315,0.471652,0.144204,0.92354
304648,2902126953,3904297,2026-10-06T05:19:03.977917+00:00,216963999305869,143,-994,436,1776,715,3762,5.005,-34.79,15.26,0.433344,0.17446,0.917928
304649,2902137695,3915039,2026-10-06T05:19:04.021179+00:00,216964042573966,153,-1166,435,1929,431,3576,5.355,-40.81,15.225,0.470676,0.105164,0.872544
304650,2902147460,3924804,2026-10-06T05:19:04.021334+00:00,216964042721564,317,-1276,378,1662,1126,4129,11.095,-44.66,13.23,0.405528,0.274744,1.007476
304651,2902157226,3934570,2026-10-06T05:19:04.021504+00:00,216964042890791,309,-1388,307,1556,1096,4064,10.815,-48.58,10.745,0.379664,0.267424,0.991616
304652,2902166992,3944336,2026-10-06T05:19:04.024035+00:00,216964045421988,363,-1552,313,1315,1232,3784,12.705,-54.32,10.955,0.32086,0.300608,0.923296
304653,2902172851,3950195,2026-10-06T05:19:04.066207+00:00,216964087597488,349,-1817,362,1477,1029,3992,12.215,-63.595,12.67,0.360388,0.251076,0.974048
304654,2902182617,3959961,2026-10-06T05:19:04.066390+00:00,216964087776957,383,-2050,412,1644,852,3896,13.405,-71.75,14.42,0.401136,0.207888,0.950624
304655,2902192382,3969726,2026-10-06T05:19:04.066629+00:00,216964088015920,438,-2278,433,1618,751,3918,15.33,-79.73,15.155,0.394792,0.183244,0.955992
304656,2902202148,3979492,2026-10-06T05:19:04.067948+00:00,216964089337364,502,-2547,405,1861,911,3697,17.57,-89.145,14.175,0.454084,0.222284,0.902068
304657,2902212890,3990234,2026-10-06T05:19:04.070880+00:00,216964092274930,479,-2849,343,2096,782,3844,16.765,-99.715,12.005,0.511424,0.190808,0.937936
304658,2902222656,4000000,2026-10-06T05:19:04.071411+00:00,216964092799608,396,-3130,284,2050,648,3941,13.86,-109.55,9.94,0.5002,0.158112,0.961604
304659,2902232421,4009765,2026-10-06T05:19:04.110264+00:00,216964131658735,381,-3362,194,1696,634,3804,13.335,-117.67,6.79,0.413824,0.154696,0.928176
304660,2902242187,4019531,2026-10-06T05:19:04.110401+00:00,216964131788726,372,-3693,162,2043,764,3756,13.02,-129.255,5.67,0.498492,0.186416,0.916464
304661,2902251953,4029297,2026-10-06T05:19:04.111949+00:00,216964133337950,359,-3987,150,2144,642,3656,12.565,-139.545,5.25,0.523136,0.156648,0.892064
304662,2902262695,4040039,2026-10-06T05:19:04.112104+00:00,216964133491985,361,-4289,174,2021,815,3812,12.635,-150.115,6.09,0.493124,0.19886,0.930128
304663,2902267578,4044922,2026-10-06T05:19:04.112323+00:00,216964133710602,276,-4636,244,2027,866,3462,9.66,-162.26,8.54,0.494588,0.211304,0.844728
304664,2902277343,4054687,2026-10-06T05:19:04.157321+00:00,216964178716894,173,-5030,363,2167,820,3525,6.055,-176.05,12.705,0.528748,0.20008,0.8601
304665,2902287109,4064453,2026-10-06T05:19:04.157445+00:00,216964178833108,171,-5333,435,1804,825,3561,5.985,-186.655,15.225,0.440176,0.2013,0.868884
304666,2902297851,4075195,2026-10-06T05:19:04.157708+00:00,216964179095386,192,-5687,509,2281,979,3409,6.72,-199.045,17.815,0.556564,0.238876,0.831796
304667,2902307617,4084961,2026-10-06T05:19:04.157882+00:00,216964179270380,180,-5999,585,2502,926,3309,6.3,-209.965,20.475,0.610488,0.225944,0.807396
304668,2902317382,4094726,2026-10-06T05:19:04.204054+00:00,216964225458641,170,-6271,655,2623,879,3241,5.95,-219.485,22.925,0.640012,0.214476,0.790804
304669,2902327148,4104492,2026-10-06T05:19:04.205196+00:00,216964226602906,231,-6551,729,3079,830,3187,8.085,-229.285,25.515,0.751276,0.20252,0.777628
304670,2902337890,4115234,2026-10-06T05:19:04.205395+00:00,216964226785063,391,-6760,769,3450,828,3488,13.685,-236.6,26.915,0.8418,0.202032,0.851072
304671,2902347656,4125000,2026-10-06T05:19:04.205836+00:00,216964227227301,643,-6865,811,3775,809,3479,22.505,-240.275,28.385,0.9211,0.197396,0.848876
304672,2902357421,4134765,2026-10-06T05:19:04.206716+00:00,216964228106885,972,-6938,862,4382,519,3566,34.02,-242.83,30.17,1.069208,0.126636,0.870104
304673,2902367187,4144531,2026-10-06T05:19:04.246226+00:00,216964267623471,1446,-6982,916,4845,945,3597,50.61,-244.37,32.06,1.18218,0.23058,0.877668
304674,2902376953,4154297,2026-10-06T05:19:04.246420+00:00,216964267809745,1735,-6961,1058,4774,1127,3593,60.725,-243.635,37.03,1.164856,0.274988,0.876692
304675,2902382812,4160156,2026-10-06T05:19:04.246706+00:00,216964268093664,1953,-6953,1246,5102,1271,3560,68.355,-243.355,43.61,1.244888,0.310124,0.86864
304676,2902392578,4169922,2026-10-06T05:19:04.247962+00:00,216964269352574,2107,-6816,1462,5546,1415,4112,73.745,-238.56,51.17,1.353224,0.34526,1.003328
304677,2902402343,4179687,2026-10-06T05:19:04.248167+00:00,216964269554883,2246,-6426,1668,5286,1854,4141,78.61,-224.91,58.38,1.289784,0.452376,1.010404
304678,2902412109,4189453,2026-10-06T05:19:04.290263+00:00,216964311658848,2449,-6007,1816,4927,1661,4002,85.715,-210.245,63.56,1.202188,0.405284,0.976488
304679,2902422851,4200195,2026-10-06T05:19:04.290464+00:00,216964311852807,2632,-5626,2040,4589,1898,3687,92.12,-196.91,71.4,1.119716,0.463112,0.899628
304680,2902432617,4209961,2026-10-06T05:19:04.292093+00:00,216964313483122,2473,-5226,2354,5613,1396,4249,86.555,-182.91,82.39,1.369572,0.340624,1.036756
304681,2902442382,4219726,2026-10-06T05:19:04.292297+00:00,216964313684228,2313,-4289,2688,5220,-262,4345,80.955,-150.115,94.08,1.27368,-0.063928,1.06018
304682,2902452148,4229492,2026-10-06T05:19:04.339349+00:00,216964360747828,2559,-3119,3152,4944,-343,4923,89.565,-109.165,110.32,1.206336,-0.083692,1.201212
304683,2902462890,4240234,2026-10-06T05:19:04.339557+00:00,216964360947495,3011,-1581,3735,4529,284,6647,105.385,-55.335,130.725,1.105076,0.069296,1.621868
304684,2902467773,4245117,2026-10-06T05:19:04.339801+00:00,216964361190555,3244,188,4407,4207,537,7469,113.54,6.58,154.245,1.026508,0.131028,1.822436
304685,2902477539,4254883,2026-10-06T05:19:04.340007+00:00,216964361396008,2776,1580,5113,1106,417,4606,97.16,55.3,178.955,0.269864,0.101748,1.123864
304686,2902487304,4264648,2026-10-06T05:19:04.340213+00:00,216964361601674,2526,1952,5375,1677,1700,4111,88.41,68.32,188.125,0.409188,0.4148,1.003084
304687,2902497070,4274414,2026-10-06T05:19:04.340420+00:00,216964361807407,2158,2340,5186,642,2938,3480,75.53,81.9,181.51,0.156648,0.716872,0.84912
304688,2902507812,4285156,2026-10-06T05:19:04.381213+00:00,216964402610029,1599,2487,4591,-303,3670,2371,55.965,87.045,160.685,-0.073932,0.89548,0.578524
304689,2902517578,4294922,2026-10-06T05:19:04.381417+00:00,216964402806936,1017,2281,3644,-48,3767,2077,35.595,79.835,127.54,-0.011712,0.919148,0.506788
304690,2902527343,4304687,2026-10-06T05:19:04.381701+00:00,216964403087711,746,2113,2460,642,3452,2457,26.11,73.955,86.1,0.156648,0.842288,0.599508
304691,2902537109,4314453,2026-10-06T05:19:04.426282+00:00,216964447680051,784,2174,1124,1099,3616,2859,27.44,76.09,39.34,0.268156,0.882304,0.697596
304692,2902547851,4325195,2026-10-06T05:19:04.426496+00:00,216964447885388,770,2386,-210,1635,3667,3243,26.95,83.51,-7.35,0.39894,0.894748,0.791292
304693,2902557617,4334961,2026-10-06T05:19:04.426737+00:00,216964448126552,543,2720,-1330,1980,3301,3448,19.005,95.2,-46.55,0.48312,0.805444,0.841312
304694,2902567382,4344726,2026-10-06T05:19:04.426945+00:00,216964448332545,266,3106,-2147,2412,2509,3699,9.31,108.71,-75.145,0.588528,0.612196,0.902556
304695,2902577148,4354492,2026-10-06T05:19:04.429102+00:00,216964450490910,125,3569,-2692,2841,1564,3851,4.375,124.915,-94.22,0.693204,0.381616,0.939644
304696,2902582031,4359375,2026-10-06T05:19:04.429331+00:00,216964450721379,161,4091,-2958,3087,860,3840,5.635,143.185,-103.53,0.753228,0.20984,0.93696
304697,2902592773,4370117,2026-10-06T05:19:04.471321+00:00,216964492723639,247,4594,-2944,3012,411,3645,8.645,160.79,-103.04,0.734928,0.100284,0.88938
304698,2902602539,4379883,2026-10-06T05:19:04.471497+00:00,216964492888555,304,4981,-2701,2771,93,3329,10.64,174.335,-94.535,0.676124,0.022692,0.812276
304699,2902612304,4389648,2026-10-06T05:19:04.472468+00:00,216964493862896,358,5199,-2344,2628,-81,3070,12.53,181.965,-82.04,0.641232,-0.019764,0.74908
304700,2902622070,4399414,2026-10-06T05:19:04.472919+00:00,216964494310503,444,5295,-1996,2814,-94,3121,15.54,185.325,-69.86,0.686616,-0.022936,0.761524
304701,2902632812,4410156,2026-10-06T05:19:04.516188+00:00,216964537581715,548,5391,-1754,3150,60,3326,19.18,188.685,-61.39,0.7686,0.01464,0.811544
304702,2902642578,4419922,2026-10-06T05:19:04.516309+00:00,216964537699174,594,5537,-1649,3338,213,3493,20.79,193.795,-57.715,0.814472,0.051972,0.852292
304703,2902652343,4429687,2026-10-06T05:19:04.516501+00:00,216964537889225,567,5694,-1648,3231,127,3396,19.845,199.29,-57.68,0.788364,0.030988,0.828624
304704,2902662109,4439453,2026-10-06T05:19:04.518028+00:00,216964539415940,585,5776,-1700,3073,12,3178,20.475,202.16,-59.5,0.749812,0.002928,0.775432
304705,2902672851,4450195,2026-10-06T05:19:04.518210+00:00,216964539600245,644,5754,-1757,2908,99,2989,22.54,201.39,-61.495,0.709552,0.024156,0.729316
304706,2902677734,4455078,2026-10-06T05:19:04.562235+00:00,216964583632833,662,5627,-1795,2854,364,2990,23.17,196.945,-62.825,0.696376,0.088816,0.72956
304707,2902687500,4464844,2026-10-06T05:19:04.562372+00:00,216964583762015,590,5460,-1820,2965,693,3175,20.65,191.1,-63.7,0.72346,0.169092,0.7747
304708,2902697265,4474609,2026-10-06T05:19:04.607213+00:00,216964628609406,457,5334,-1865,3064,970,3382,15.995,186.69,-65.275,0.747616,0.23668,0.825208
304709,2902707031,4484375,2026-10-06T05:19:04.607417+00:00,216964628806956,333,5256,-1975,3060,1222,3581,11.655,183.96,-69.125,0.74664,0.298168,0.873764
304710,2902717773,4495117,2026-10-06T05:19:04.607709+00:00,216964629097734,266,5216,-2189,3207,1464,3903,9.31,182.56,-76.615,0.782508,0.357216,0.952332
304711,2902727539,4504883,2026-10-06T05:19:04.607955+00:00,216964629344408,220,5251,-2505,3331,1632,4105,7.7,183.785,-87.675,0.812764,0.398208,1.00162
304712,2902737304,4514648,2026-10-06T05:19:04.608206+00:00,216964629595288,162,5324,-2855,3327,1552,4044,5.67,186.34,-99.925,0.811788,0.378688,0.986736
304713,2902747070,4524414,2026-10-06T05:19:04.610158+00:00,216964631550907,133,5348,-3179,3287,1589,3870,4.655,187.18,-111.265,0.802028,0.387716,0.94428
304714,2902757812,4535156,2026-10-06T05:19:04.610359+00:00,216964631747933,44,5278,-3457,3186,1643,3767,1.54,184.73,-120.995,0.777384,0.400892,0.919148
304715,2902767578,4544922,2026-10-06T05:19:04.610564+00:00,216964631953902,-108,5130,-3715,3151,1526,3811,-3.78,179.55,-130.025,0.768844,0.372344,0.929884
304716,2902772460,4549804,2026-10-06T05:19:04.651550+00:00,216964672947813,-220,4956,-3976,3228,1353,4023,-7.7,173.46,-139.16,0.787632,0.330132,0.981612
304717,2902782226,4559570,2026-10-06T05:19:04.651974+00:00,216964673363966,-279,4814,-4210,3433,1220,4368,-9.765,168.49,-147.35,0.837652,0.29768,1.065792
304718,2902791992,4569336,2026-10-06T05:19:04.652461+00:00,216964673854301,-317,4754,-4367,3743,1066,4709,-11.095,166.39,-152.845,0.913292,0.260104,1.148996
304719,2902802734,4580078,2026-10-06T05:19:04.653681+00:00,216964675088474,-345,4783,-4394,4015,1018,4826,-12.075,167.405,-153.79,0.97966,0.248392,1.177544
304720,2902812500,4589844,2026-10-06T05:19:04.696320+00:00,216964717719847,-417,4840,-4264,3995,885,4583,-14.595,169.4,-149.24,0.97478,0.21594,1.118252
304721,2902822265,4599609,2026-10-06T05:19:04.696535+00:00,216964717927970,-460,4811,-4013,3867,700,4127,-16.1,168.385,-140.455,0.943548,0.1708,1.006988
304722,2902832031,4609375,2026-10-06T05:19:04.696803+00:00,216964718194582,-403,4634,-3715,3857,641,3684,-14.105,162.19,-130.025,0.941108,0.156404,0.898896
304723,2902842773,4620117,2026-10-06T05:19:04.698125+00:00,216964719518797,-301,4331,-3447,4086,733,3491,-10.535,151.585,-120.645,0.996984,0.178852,0.851804
304724,2902852539,4629883,2026-10-06T05:19:04.741420+00:00,216964762819128,-233,3991,-3234,4710,715,3552,-8.155,139.685,-113.19,1.14924,0.17446,0.866688
304725,2902862304,4639648,2026-10-06T05:19:04.741780+00:00,216964763173082,-208,3722,-3073,5337,575,3528,-7.28,130.27,-107.555,1.302228,0.1403,0.860832
304726,2902872070,4649414,2026-10-06T05:19:04.742047+00:00,216964763435619,-244,3535,-2939,5916,607,3425,-8.54,123.725,-102.865,1.443504,0.148108,0.8357
304727,2902882812,4660156,2026-10-06T05:19:04.744182+00:00,216964765572125,-441,3395,-2778,6211,643,2873,-15.435,118.825,-97.23,1.515484,0.156892,0.701012
304728,2902887695,4665039,2026-10-06T05:19:04.744479+00:00,216964765871452,-759,3193,-2547,6111,393,2024,-26.565,111.755,-89.145,1.491084,0.095892,0.493856
304729,2902897460,4674804,2026-10-06T05:19:04.744783+00:00,216964766172988,-961,2883,-2264,6057,135,1198,-33.635,100.905,-79.24,1.477908,0.03294,0.292312
304730,2902907226,4684570,2026-10-06T05:19:04.787731+00:00,216964809145391,-966,2449,-1942,5976,125,447,-33.81,85.715,-67.97,1.458144,0.0305,0.109068
304731,2902916992,4694336,2026-10-06T05:19:04.788547+00:00,216964809944068,-841,1946,-1586,6116,158,10,-29.435,68.11,-55.51,1.492304,0.038552,0.00244
304732,2902927734,4705078,2026-10-06T05:19:04.788851+00:00,216964810241416,-633,1443,-1262,6188,220,-317,-22.155,50.505,-44.17,1.509872,0.05368,-0.077348
304733,2902937500,4714844,2026-10-06T05:19:04.789190+00:00,216964810578918,-409,930,-1021,6092,378,-672,-14.315,32.55,-35.735,1.486448,0.092232,-0.163968
304734,2902947265,4724609,2026-10-06T05:19:04.832488+00:00,216964853910923,-270,348,-864,5963,575,-1018,-9.45,12.18,-30.24,1.454972,0.1403,-0.248392
304735,2902957031,4734375,2026-10-06T05:19:04.833466+00:00,216964854883663,-285,-345,-780,5833,654,-1348,-9.975,-12.075,-27.3,1.423252,0.159576,-0.328912
304736,2902962890,4740234,2026-10-06T05:19:04.834505+00:00,216964855923755,-397,-1149,-730,5987,734,-1723,-13.895,-40.215,-25.55,1.460828,0.179096,-0.420412
304737,2902972656,4750000,2026-10-06T05:19:04.835746+00:00,216964857158864,-687,-2330,-595,5071,262,-2223,-24.045,-81.55,-20.825,1.237324,0.063928,-0.542412
304738,2902982421,4759765,2026-10-06T05:19:04.837803+00:00,216964859232893,-677,-3390,-396,1673,67,1910,-23.695,-118.65,-13.86,0.408212,0.016348,0.46604
304739,2902992187,4769531,2026-10-06T05:19:04.840407+00:00,216964861832607,-791,-3578,4,3055,-395,7910,-27.685,-125.23,0.14,0.74542,-0.09638,1.93004
304740,2903001953,4779297,2026-10-06T05:19:04.876404+00:00,216964897808513,-761,-2756,365,349,-893,8599,-26.635,-96.46,12.775,0.085156,-0.217892,2.098156
304741,2903012695,4790039,2026-10-06T05:19:04.876844+00:00,216964898239314,-430,-2359,836,-1201,-1253,4739,-15.05,-82.565,29.26,-0.293044,-0.305732,1.156316
304742,2903022460,4799804,2026-10-06T05:19:04.877212+00:00,216964898604075,-10,-2859,1312,-570,-821,3027,-0.35,-100.065,45.92,-0.13908,-0.200324,0.738588
304743,2903032226,4809570,2026-10-06T05:19:04.921815+00:00,216964943215817,440,-3593,1439,2397,762,4473,15.4,-125.755,50.365,0.584868,0.185928,1.091412
304744,2903041992,4819336,2026-10-06T05:19:04.922114+00:00,216964943505377,564,-3538,1128,4410,2073,5973,19.74,-123.83,39.48,1.07604,0.505812,1.457412
304745,2903052734,4830078,2026-10-06T05:19:04.922356+00:00,216964943746396,415,-2818,633,3833,2119,5434,14.525,-98.63,22.155,0.935252,0.517036,1.325896
304746,2903062500,4839844,2026-10-06T05:19:04.922796+00:00,216964944186365,342,-2256,224,2110,1900,4520,11.97,-78.96,7.84,0.51484,0.4636,1.10288
304747,2903072265,4849609,2026-10-06T05:19:04.923231+00:00,216964944621637,257,-2106,48,1115,1732,4054,8.995,-73.71,1.68,0.27206,0.422608,0.989176
304748,2903077148,4854492,2026-10-06T05:19:04.923597+00:00,216964944987214,76,-2136,47,1347,1410,4079,2.66,-74.76,1.645,0.328668,0.34404,0.995276
304749,2903087890,4865234,2026-10-06T05:19:04.966323+00:00,216964987720791,-19,-2125,131,2413,613,4769,-0.665,-74.375,4.585,0.588772,0.149572,1.163636
304750,2903097656,4875000,2026-10-06T05:19:04.966701+00:00,216964988090151,-200,-1769,409,3267,-510,4487,-7.0,-61.915,14.315,0.797148,-0.12444,1.094828
304751,2903107421,4884765,2026-10-06T05:19:04.967143+00:00,216964988533531,100,-1202,485,2527,1163,4267,3.5,-42.07,16.975,0.616588,0.283772,1.041148
304752,2903117187,4894531,2026-10-06T05:19:05.012303+00:00,216965033700208,82,-928,368,1421,2037,4054,2.87,-32.48,12.88,0.346724,0.497028,0.989176
304753,2903126953,4904297,2026-10-06T05:19:05.060831+00:00,216965082254048,-163,-865,223,1168,2074,4051,-5.705,-30.275,7.805,0.284992,0.506056,0.988444
304754,2903137695,4915039,2026-10-06T05:19:05.062063+00:00,216965083475867,-395,-881,176,1698,1301,4368,-13.825,-30.835,6.16,0.414312,0.317444,1.065792
304755,2903147460,4924804,2026-10-06T05:19:05.063165+00:00,216965084575756,-397,-760,130,1888,1145,4252,-13.895,-26.6,4.55,0.460672,0.27938,1.037488
304756,2903157226,4934570,2026-10-06T05:19:05.064140+00:00,216965085543621,-401,-649,67,1767,862,4276,-14.035,-22.715,2.345,0.431148,0.210328,1.043344
304757,2903166992,4944336,2026-10-06T05:19:05.065016+00:00,216965086419626,-370,-535,14,1917,656,4254,-12.95,-18.725,0.49,0.467748,0.160064,1.037976
304758,2903172851,4950195,2026-10-06T05:19:05.065723+00:00,216965087124838,-306,-456,12,1873,400,4199,-10.71,-15.96,0.42,0.457012,0.0976,1.024556
304759,2903182617,4959961,2026-10-06T05:19:05.066382+00:00,216965087783293,-142,-374,-45,1744,448,4539,-4.97,-13.09,-1.575,0.425536,0.109312,1.107516
304760,2903192382,4969726,2026-10-06T05:19:05.066989+00:00,216965088392216,11,-242,-128,1545,239,4098,0.385,-8.47,-4.48,0.37698,0.058316,0.999912
304761,2903202148,4979492,2026-10-06T05:19:05.067826+00:00,216965089229645,159,-234,-166,1580,497,4113,5.565,-8.19,-5.81,0.38552,0.121268,1.003572
304762,2903212890,4990234,2026-10-06T05:19:05.068569+00:00,216965089971162,250,-215,-210,1660,763,3950,8.75,-7.525,-7.35,0.40504,0.186172,0.9638
304763,2903222656,5000000,2026-10-06T05:19:05.101299+00:00,216965122692534,268,-179,-219,1611,852,3996,9.38,-6.265,-7.665,0.393084,0.207888,0.975024
304764,2903232421,5009765,2026-10-06T05:19:05.101442+00:00,216965122831463,291,-138,-223,1629,879,3930,10.185,-4.83,-7.805,0.397476,0.214476,0.95892
304765,2903242187,5019531,2026-10-06T05:19:05.101914+00:00,216965123305010,317,-94,-225,1537,915,3964,11.095,-3.29,-7.875,0.375028,0.22326,0.967216
304766,2903251953,5029297,2026-10-06T05:19:05.103950+00:00,216965125347527,319,-67,-229,1561,755,3813,11.165,-2.345,-8.015,0.380884,0.18422,0.930372
