sequence,time_s,gyro_axis,gyro_raw_dps,gyro_filtered_dps,acceleration_magnitude_g,stride_event,cadence_spm,phase,gyro_peak_dps,gyro_rearm_dps,min_stride_ms
432077,0.0,y,171.22,180.9659,1.5279,0,0,,40.0,-20.0,450.0
432078,0.009766,y,170.03,178.5969,1.57917,0,0,,40.0,-20.0,450.0
432079,0.019532,y,169.89,176.7107,1.59161,0,0,,40.0,-20.0,450.0
432080,0.025391,y,169.435,175.7194,1.53793,0,0,,40.0,-20.0,450.0
432081,0.035157,y,167.055,173.8424,1.48389,0,0,,40.0,-20.0,450.0
432082,0.044922,y,161.49,171.1667,1.43908,0,0,,40.0,-20.0,450.0
432083,0.054688,y,153.16,167.2659,1.48336,0,0,,40.0,-20.0,450.0
432084,0.06543,y,144.165,161.8254,1.49888,0,0,,40.0,-20.0,450.0
432085,0.075196,y,134.785,155.9676,1.53383,0,0,,40.0,-20.0,450.0
432086,0.084961,y,124.705,149.1958,1.50356,0,0,,40.0,-20.0,450.0
432087,0.094727,y,112.315,141.2063,1.43381,0,0,,40.0,-20.0,450.0
432088,0.105469,y,96.53,130.6845,1.38769,0,0,,40.0,-20.0,450.0
432089,0.115235,y,77.245,119.1079,1.38126,0,0,,40.0,-20.0,450.0
432090,0.120118,y,56.0,111.8557,1.41123,0,0,,40.0,-20.0,450.0
432091,0.129883,y,33.215,94.8213,1.44917,0,0,,40.0,-20.0,450.0
432092,0.139649,y,8.575,76.1378,1.50062,0,0,,40.0,-20.0,450.0
432093,0.150391,y,-18.025,53.9612,1.574,0,0,,40.0,-20.0,450.0
432094,0.160157,y,-46.48,32.2027,1.64236,0,0,,40.0,-20.0,450.0
432095,0.169922,y,-90.825,5.5536,1.59554,0,0,,40.0,-20.0,450.0
432096,0.179688,y,-130.83,-23.9912,0.68498,0,0,,40.0,-20.0,450.0
432097,0.19043,y,-141.19,-51.593,1.96078,0,0,,40.0,-20.0,450.0
432098,0.200196,y,-116.9,-65.7404,2.12403,0,0,,40.0,-20.0,450.0
432099,0.209961,y,-104.895,-74.2217,1.2829,0,0,,40.0,-20.0,450.0
432100,0.219727,y,-125.79,-85.393,0.75371,0,0,,40.0,-20.0,450.0
432101,0.230469,y,-155.435,-101.8888,1.17586,0,0,,40.0,-20.0,450.0
432102,0.235352,y,-155.995,-108.1065,1.79218,0,0,,40.0,-20.0,450.0
432103,0.245118,y,-131.915,-113.2642,1.86124,0,0,,40.0,-20.0,450.0
432104,0.254883,y,-104.65,-111.3982,1.4553,0,0,,40.0,-20.0,450.0
432105,0.264649,y,-90.51,-106.8732,1.10624,0,0,,40.0,-20.0,450.0
432106,0.275391,y,-88.13,-102.459,0.96216,0,0,,40.0,-20.0,450.0
432107,0.285157,y,-88.2,-99.37,1.07906,0,0,,40.0,-20.0,450.0
432108,0.294922,y,-83.125,-95.8512,1.83449,0,0,,40.0,-20.0,450.0
432109,0.304688,y,-53.025,-86.5738,1.3296,0,0,,40.0,-20.0,450.0
432110,0.31543,y,-36.435,-74.7654,1.2646,0,0,,40.0,-20.0,450.0
432111,0.320313,y,-29.085,-69.5159,1.13508,0,0,,40.0,-20.0,450.0
432112,0.330079,y,-30.8,-61.1289,1.11316,0,0,,40.0,-20.0,450.0
432113,0.339844,y,-30.17,-54.4229,1.21594,0,0,,40.0,-20.0,450.0
432114,0.34961,y,-24.36,-47.9104,1.17437,0,0,,40.0,-20.0,450.0
432115,0.360352,y,-18.935,-41.0863,1.12283,0,0,,40.0,-20.0,450.0
432116,0.370118,y,-17.045,-35.8782,1.12002,0,0,,40.0,-20.0,450.0
432117,0.379883,y,-15.33,-31.4273,1.15632,0,0,,40.0,-20.0,450.0
432118,0.389649,y,-12.285,-27.2805,1.15432,0,0,,40.0,-20.0,450.0
432119,0.400391,y,-9.24,-23.0317,1.15653,0,0,,40.0,-20.0,450.0
432120,0.410157,y,-6.58,-19.4678,1.09929,0,0,,40.0,-20.0,450.0
432121,0.419922,y,-4.76,-16.2819,1.08056,0,0,,40.0,-20.0,450.0
432122,0.424805,y,-3.885,-14.8573,1.05951,0,0,,40.0,-20.0,450.0
432123,0.434571,y,-4.2,-12.5486,1.05219,0,0,,40.0,-20.0,450.0
432124,0.445313,y,-3.815,-10.4917,1.06066,0,0,,40.0,-20.0,450.0
432129,0.495118,y,-3.22,-5.3136,1.06571,0,0,,40.0,-20.0,450.0
432130,0.504883,y,-3.045,-4.8222,1.05446,0,0,,40.0,-20.0,450.0
432131,0.514649,y,-3.29,-4.4903,1.07601,0,0,,40.0,-20.0,450.0
432132,0.525391,y,-2.45,-4.0098,1.07915,0,0,,40.0,-20.0,450.0
432133,0.530274,y,-0.945,-3.6576,1.01898,0,0,,40.0,-20.0,450.0
432134,0.540039,y,-2.52,-3.4111,1.03673,0,0,,40.0,-20.0,450.0
432135,0.549805,y,-3.15,-3.3546,1.06926,0,0,,40.0,-20.0,450.0
432136,0.559571,y,-1.96,-3.0525,0.9965,0,0,,40.0,-20.0,450.0
432137,0.570313,y,-3.115,-3.0672,1.05228,0,0,,40.0,-20.0,450.0
432138,0.580079,y,-3.605,-3.1837,0.97842,0,0,,40.0,-20.0,450.0
432139,0.589844,y,-4.865,-3.5479,1.01696,0,0,,40.0,-20.0,450.0
432140,0.59961,y,-5.005,-3.8635,1.02926,0,0,,40.0,-20.0,450.0
432141,0.610352,y,-4.97,-4.1241,1.00333,0,0,,40.0,-20.0,450.0
432142,0.615235,y,-5.25,-4.2535,1.00841,0,0,,40.0,-20.0,450.0
432143,0.625,y,-4.725,-4.3556,1.04739,0,0,,40.0,-20.0,450.0
432144,0.634766,y,-4.2,-4.3219,1.00411,0,0,,40.0,-20.0,450.0
432145,0.644532,y,-4.095,-4.2728,1.04261,0,0,,40.0,-20.0,450.0
432146,0.655274,y,-3.675,-4.132,1.01513,0,0,,40.0,-20.0,450.0
432147,0.665039,y,-3.955,-4.0936,1.04949,0,0,,40.0,-20.0,450.0
432148,0.674805,y,-3.22,-3.9044,1.03139,0,0,,40.0,-20.0,450.0
432149,0.684571,y,-3.36,-3.7865,1.02088,0,0,,40.0,-20.0,450.0
432150,0.695313,y,-3.955,-3.8262,1.05568,0,0,,40.0,-20.0,450.0
432151,0.705079,y,-3.99,-3.8616,1.03931,0,0,,40.0,-20.0,450.0
432152,0.714844,y,-4.13,-3.9198,1.06524,0,0,,40.0,-20.0,450.0
432153,0.72461,y,-3.115,-3.7454,1.03276,0,0,,40.0,-20.0,450.0
432154,0.730469,y,-3.675,-3.7358,1.04292,0,0,,40.0,-20.0,450.0
432155,0.740235,y,-3.605,-3.7075,1.0454,0,0,,40.0,-20.0,450.0
432156,0.75,y,-3.5,-3.6625,1.04166,0,0,,40.0,-20.0,450.0
432157,0.759766,y,-4.445,-3.8321,1.03797,0,0,,40.0,-20.0,450.0
432158,0.769532,y,-5.075,-4.1013,1.02602,0,0,,40.0,-20.0,450.0
432159,0.780274,y,-6.405,-4.6439,1.05456,0,0,,40.0,-20.0,450.0
432160,0.790039,y,-6.16,-4.9723,1.05062,0,0,,40.0,-20.0,450.0
432161,0.799805,y,-5.46,-5.0779,1.01437,0,0,,40.0,-20.0,450.0
432162,0.809571,y,-7.28,-5.555,1.0659,0,0,,40.0,-20.0,450.0
432163,0.81543,y,-7.035,-5.7566,1.04279,0,0,,40.0,-20.0,450.0
432164,0.825196,y,-6.79,-5.9805,1.02985,0,0,,40.0,-20.0,450.0
432165,0.834961,y,-8.05,-6.4288,1.05363,0,0,,40.0,-20.0,450.0
432166,0.844727,y,-8.26,-6.8255,1.03876,0,0,,40.0,-20.0,450.0
432167,0.855469,y,-8.82,-7.2952,1.01738,0,0,,40.0,-20.0,450.0
432168,0.865235,y,-10.255,-7.9364,1.04977,0,0,,40.0,-20.0,450.0
432169,0.875,y,-10.745,-8.5448,0.99692,0,0,,40.0,-20.0,450.0
432170,0.884766,y,-12.565,-9.4157,1.04822,0,0,,40.0,-20.0,450.0
432171,0.894532,y,-12.845,-10.1586,1.00464,0,0,,40.0,-20.0,450.0
432172,0.905274,y,-14.77,-11.2446,1.0465,0,0,,40.0,-20.0,450.0
432173,0.915039,y,-15.96,-12.266,1.03211,0,0,,40.0,-20.0,450.0
432174,0.919922,y,-17.325,-12.8474,1.03452,0,0,,40.0,-20.0,450.0
432175,0.929688,y,-18.83,-14.1434,1.03172,0,0,,40.0,-20.0,450.0
432176,0.94043,y,-20.51,-15.6428,1.0595,0,0,,40.0,-20.0,450.0
432177,0.950196,y,-21.0,-16.8033,1.05925,0,0,,40.0,-20.0,450.0
432178,0.959961,y,-22.575,-18.0535,1.03482,0,0,,40.0,-20.0,450.0
432179,0.969727,y,-24.955,-19.5486,1.0547,0,0,,40.0,-20.0,450.0
432180,0.980469,y,-26.74,-21.2423,1.02737,0,0,,40.0,-20.0,450.0
432181,0.990235,y,-30.8,-23.3128,1.0643,0,0,,40.0,-20.0,450.0
432182,1.0,y,-33.95,-25.6169,0.99793,0,0,,40.0,-20.0,450.0
432183,1.009766,y,-40.18,-28.7717,1.0356,0,0,,40.0,-20.0,450.0
432184,1.019532,y,-46.515,-32.6154,0.97098,0,0,,40.0,-20.0,450.0
432185,1.025391,y,-55.055,-35.6729,0.98357,0,0,,40.0,-20.0,450.0
432186,1.035157,y,-63.945,-41.7975,0.9896,0,0,,40.0,-20.0,450.0
432187,1.044922,y,-71.225,-48.1718,1.18596,0,0,,40.0,-20.0,450.0
432188,1.054688,y,-77.665,-54.5609,1.05229,0,0,,40.0,-20.0,450.0
432189,1.06543,y,-89.285,-62.7389,1.09718,0,0,,40.0,-20.0,450.0
432190,1.075196,y,-101.5,-71.1357,1.00056,0,0,,40.0,-20.0,450.0
432191,1.084961,y,-115.745,-80.7985,1.08161,0,0,,40.0,-20.0,450.0
432192,1.094727,y,-129.535,-91.3563,1.11239,0,0,,40.0,-20.0,450.0
432193,1.105469,y,-144.305,-103.8264,1.05517,0,0,,40.0,-20.0,450.0
432194,1.110352,y,-162.54,-110.5736,1.09612,0,0,,40.0,-20.0,450.0
432195,1.120118,y,-178.675,-125.3264,1.02912,0,0,,40.0,-20.0,450.0
432196,1.129883,y,-198.24,-141.1203,1.02901,0,0,,40.0,-20.0,450.0
432197,1.139649,y,-220.01,-158.2101,1.11954,0,0,,40.0,-20.0,450.0
432198,1.150391,y,-240.905,-177.6858,1.0494,0,0,,40.0,-20.0,450.0
432199,1.160157,y,-262.395,-196.0364,1.07079,0,0,,40.0,-20.0,450.0
432200,1.169922,y,-281.575,-214.5649,1.08424,0,0,,40.0,-20.0,450.0
432201,1.179688,y,-297.01,-232.425,1.21969,0,0,,40.0,-20.0,450.0
432202,1.19043,y,-307.79,-250.1744,1.33415,0,0,,40.0,-20.0,450.0
432203,1.200196,y,-313.775,-263.9522,1.57484,0,0,,40.0,-20.0,450.0
432204,1.209961,y,-313.075,-274.5927,1.76097,0,0,,40.0,-20.0,450.0
432205,1.219727,y,-307.02,-281.6174,1.93261,0,0,,40.0,-20.0,450.0
432206,1.22461,y,-291.165,-282.7146,2.20043,0,0,,40.0,-20.0,450.0
432207,1.235352,y,-264.075,-278.3247,2.12678,0,0,,40.0,-20.0,450.0
432208,1.245118,y,-234.71,-268.8765,1.81175,0,0,,40.0,-20.0,450.0
432209,1.254883,y,-212.45,-256.6539,1.7764,0,0,,40.0,-20.0,450.0
432210,1.264649,y,-181.23,-240.3149,1.95116,0,0,,40.0,-20.0,450.0
432211,1.275391,y,-134.12,-215.3046,1.64412,0,0,,40.0,-20.0,450.0
432212,1.285157,y,-88.165,-187.7624,1.88987,0,0,,40.0,-20.0,450.0
432213,1.294922,y,-39.585,-155.6656,2.11762,0,0,,40.0,-20.0,450.0
432214,1.304688,y,12.11,-119.3204,1.46923,0,0,,40.0,-20.0,450.0
432215,1.31543,y,37.065,-82.4896,1.4728,0,0,,40.0,-20.0,450.0
432216,1.320313,y,65.24,-65.5128,1.19738,0,0,,40.0,-20.0,450.0
432217,1.330079,y,77.98,-34.428,1.10148,0,0,,40.0,-20.0,450.0
432218,1.339844,y,77.0,-10.2916,1.06123,0,0,,40.0,-20.0,450.0
432219,1.34961,y,74.13,7.9967,1.15578,0,0,,40.0,-20.0,450.0
432220,1.360352,y,81.83,25.3854,1.22374,0,0,,40.0,-20.0,450.0
432221,1.370118,y,96.25,40.7368,1.23998,1,0,,40.0,-20.0,450.0
432222,1.379883,y,111.51,56.067,1.22696,0,0,,40.0,-20.0,450.0
432223,1.389649,y,126.49,71.3227,1.14022,0,0,,40.0,-20.0,450.0
432224,1.400391,y,139.93,87.4806,1.04194,0,0,,40.0,-20.0,450.0
432225,1.410157,y,152.845,101.6405,1.01415,0,0,,40.0,-20.0,450.0
432226,1.415039,y,165.935,109.0277,1.01914,0,0,,40.0,-20.0,450.0
432227,1.424805,y,178.22,124.0168,1.07028,0,0,,40.0,-20.0,450.0
432228,1.434571,y,190.4,138.3974,1.11356,0,0,,40.0,-20.0,450.0
432229,1.445313,y,202.195,153.4225,1.14614,0,0,,40.0,-20.0,450.0
432230,1.455079,y,212.625,166.2476,1.14852,0,0,,40.0,-20.0,450.0
432231,1.464844,y,220.325,177.9613,1.13264,0,0,,40.0,-20.0,450.0
432232,1.47461,y,224.42,188.0256,1.1288,0,0,,40.0,-20.0,450.0
432233,1.485352,y,225.645,196.8855,1.19379,0,0,,40.0,-20.0,450.0
432234,1.495118,y,226.345,203.2673,1.26592,0,0,,40.0,-20.0,450.0
432235,1.504883,y,226.625,208.3268,1.26947,0,0,,40.0,-20.0,450.0
432236,1.514649,y,223.93,211.7069,1.21267,0,0,,40.0,-20.0,450.0
432237,1.525391,y,217.42,213.0524,1.19387,0,0,,40.0,-20.0,450.0
432238,1.530274,y,209.685,212.6655,1.28598,0,0,,40.0,-20.0,450.0
432239,1.540039,y,206.675,211.3679,1.4786,0,0,,40.0,-20.0,450.0
432240,1.549805,y,210.245,211.1246,1.59491,0,0,,40.0,-20.0,450.0
432241,1.559571,y,215.95,212.1699,1.60261,0,0,,40.0,-20.0,450.0
432242,1.570313,y,220.64,214.1647,1.55341,0,0,,40.0,-20.0,450.0
432243,1.580079,y,223.58,216.2044,1.50044,0,0,,40.0,-20.0,450.0
432244,1.589844,y,224.07,217.9081,1.45124,0,0,,40.0,-20.0,450.0
432245,1.59961,y,221.06,218.5909,1.42006,0,0,,40.0,-20.0,450.0
432246,1.605469,y,215.005,218.1023,1.43308,0,0,,40.0,-20.0,450.0
432247,1.615235,y,208.18,215.9529,1.47122,0,0,,40.0,-20.0,450.0
432248,1.625,y,201.46,212.8136,1.575,0,0,,40.0,-20.0,450.0
432249,1.634766,y,196.07,209.1864,1.6964,0,0,,40.0,-20.0,450.0
432250,1.644532,y,192.815,205.6399,1.79752,0,0,,40.0,-20.0,450.0
432251,1.655274,y,191.415,202.2897,1.79002,0,0,,40.0,-20.0,450.0
432252,1.665039,y,188.51,199.3049,1.72317,0,0,,40.0,-20.0,450.0
432253,1.674805,y,180.25,195.177,1.6265,0,0,,40.0,-20.0,450.0
432254,1.684571,y,166.495,188.9637,1.60149,0,0,,40.0,-20.0,450.0
432255,1.695313,y,148.05,179.328,1.57344,0,0,,40.0,-20.0,450.0
432256,1.705079,y,126.735,167.9348,1.58222,0,0,,40.0,-20.0,450.0
432257,1.714844,y,103.46,153.9689,1.59573,0,0,,40.0,-20.0,450.0
432258,1.719727,y,78.82,145.3329,1.58587,0,0,,40.0,-20.0,450.0
432259,1.730469,y,51.485,123.2305,1.56579,0,0,,40.0,-20.0,450.0
432260,1.740235,y,20.545,100.9858,1.55004,0,0,,40.0,-20.0,450.0
432261,1.75,y,-12.775,76.344,1.61186,0,0,,40.0,-20.0,450.0
432262,1.759766,y,-42.84,50.5252,1.70225,0,0,,40.0,-20.0,450.0
432263,1.769532,y,-66.99,25.0679,1.77532,0,0,,40.0,-20.0,450.0
432264,1.780274,y,-87.57,-1.4598,1.75696,0,0,,40.0,-20.0,450.0
432265,1.790039,y,-108.64,-24.6761,1.10845,0,0,,40.0,-20.0,450.0
432266,1.799805,y,-123.27,-46.0345,1.34634,0,0,,40.0,-20.0,450.0
432267,1.809571,y,-112.175,-60.3625,2.13545,0,0,,40.0,-20.0,450.0
432268,1.81543,y,-88.41,-64.1841,1.8297,0,0,,40.0,-20.0,450.0
432269,1.825196,y,-88.445,-69.4397,1.13954,0,0,,40.0,-20.0,450.0
432270,1.834961,y,-125.405,-81.5624,0.65804,0,0,,40.0,-20.0,450.0
432271,1.844727,y,-161.77,-98.9377,1.14099,0,0,,40.0,-20.0,450.0
432272,1.855469,y,-164.36,-114.3455,2.22463,0,0,,40.0,-20.0,450.0
432273,1.865235,y,-126.21,-116.9157,1.81465,0,0,,40.0,-20.0,450.0
432274,1.875,y,-99.715,-113.1899,1.27228,0,0,,40.0,-20.0,450.0
432275,1.884766,y,-92.365,-108.6786,1.07382,0,0,,40.0,-20.0,450.0
432276,1.894532,y,-89.915,-104.6138,1.12627,0,0,,40.0,-20.0,450.0
432277,1.905274,y,-84.0,-99.759,1.37803,0,0,,40.0,-20.0,450.0
432278,1.910157,y,-70.455,-96.3914,1.85502,0,0,,40.0,-20.0,450.0
432279,1.919922,y,-39.13,-83.988,1.3,0,0,,40.0,-20.0,450.0
432280,1.929688,y,-25.235,-71.2604,1.17458,0,0,,40.0,-20.0,450.0
432281,1.94043,y,-25.06,-60.3796,1.14809,0,0,,40.0,-20.0,450.0
432282,1.950196,y,-29.19,-53.623,1.16737,0,0,,40.0,-20.0,450.0
432283,1.959961,y,-26.25,-47.6937,1.30471,0,0,,40.0,-20.0,450.0
432284,1.969727,y,-17.57,-41.168,1.1489,0,0,,40.0,-20.0,450.0
432285,1.980469,y,-15.225,-35.0581,1.20527,0,0,,40.0,-20.0,450.0
432286,1.990235,y,-12.25,-30.1172,1.19482,0,0,,40.0,-20.0,450.0
432287,2.0,y,-8.19,-25.3675,1.13395,0,0,,40.0,-20.0,450.0
432288,2.009766,y,-5.46,-21.055,1.12823,0,0,,40.0,-20.0,450.0
432289,2.019532,y,-2.905,-17.1231,1.06552,0,0,,40.0,-20.0,450.0
432290,2.025391,y,-1.54,-14.9999,1.06419,0,0,,40.0,-20.0,450.0
432291,2.035157,y,-0.805,-11.9249,1.03968,0,0,,40.0,-20.0,450.0
432292,2.044922,y,0.315,-9.2736,1.04747,0,0,,40.0,-20.0,450.0
432293,2.054688,y,1.26,-6.9917,1.02696,0,0,,40.0,-20.0,450.0
432294,2.06543,y,0.875,-5.139,1.04325,0,0,,40.0,-20.0,450.0
432295,2.075196,y,0.91,-3.8286,0.96888,0,0,,40.0,-20.0,450.0
432296,2.084961,y,-0.63,-3.1357,1.08248,0,0,,40.0,-20.0,450.0
432297,2.094727,y,0.14,-2.4261,1.01123,0,0,,40.0,-20.0,450.0
432298,2.105469,y,-1.4,-2.1845,1.05989,0,0,,40.0,-20.0,450.0
432299,2.110352,y,-0.665,-2.0098,1.10287,0,0,,40.0,-20.0,450.0
432300,2.120118,y,0.77,-1.4076,0.97821,0,0,,40.0,-20.0,450.0
432301,2.129883,y,-0.945,-1.3074,1.0562,0,0,,40.0,-20.0,450.0
432302,2.139649,y,-1.715,-1.3957,1.01928,0,0,,40.0,-20.0,450.0
432303,2.150391,y,-2.66,-1.6935,1.01052,0,0,,40.0,-20.0,450.0
432304,2.160157,y,-2.975,-1.9711,1.07141,0,0,,40.0,-20.0,450.0
432305,2.169922,y,-2.765,-2.1431,1.00551,0,0,,40.0,-20.0,450.0
432308,2.200196,y,-3.675,-2.9563,1.01334,0,0,,40.0,-20.0,450.0
432309,2.209961,y,-3.745,-3.1271,1.05841,0,0,,40.0,-20.0,450.0
432310,2.219727,y,-2.135,-2.9122,1.03133,0,0,,40.0,-20.0,450.0
432313,2.245118,y,-2.45,-2.695,0.98694,0,0,,40.0,-20.0,450.0
432314,2.254883,y,-4.445,-3.0741,1.02576,0,0,,40.0,-20.0,450.0
432315,2.264649,y,-5.18,-3.5303,1.0014,0,0,,40.0,-20.0,450.0
432316,2.275391,y,-6.195,-4.1579,1.02466,0,0,,40.0,-20.0,450.0
432317,2.285157,y,-6.72,-4.7129,1.03977,0,0,,40.0,-20.0,450.0
432318,2.294922,y,-7.91,-5.4054,1.00377,0,0,,40.0,-20.0,450.0
432319,2.304688,y,-9.45,-6.2816,1.0266,0,0,,40.0,-20.0,450.0
432320,2.31543,y,-9.905,-7.135,1.02451,0,0,,40.0,-20.0,450.0
432321,2.320313,y,-10.395,-7.5096,1.03874,0,0,,40.0,-20.0,450.0
432322,2.330079,y,-10.57,-8.1726,1.03715,0,0,,40.0,-20.0,450.0
432323,2.339844,y,-10.78,-8.7374,1.03702,0,0,,40.0,-20.0,450.0
432324,2.34961,y,-11.165,-9.2633,1.08033,0,0,,40.0,-20.0,450.0
432325,2.360352,y,-10.15,-9.4721,1.03462,0,0,,40.0,-20.0,450.0
432326,2.370118,y,-11.13,-9.8313,1.02777,0,0,,40.0,-20.0,450.0
432327,2.379883,y,-11.725,-10.2415,1.09319,0,0,,40.0,-20.0,450.0
432328,2.389649,y,-10.465,-10.2899,1.00713,0,0,,40.0,-20.0,450.0
432329,2.400391,y,-12.67,-10.8504,1.04694,0,0,,40.0,-20.0,450.0
432330,2.410157,y,-12.53,-11.2143,1.0559,0,0,,40.0,-20.0,450.0
432331,2.415039,y,-11.795,-11.281,1.05145,0,0,,40.0,-20.0,450.0
432332,2.424805,y,-11.76,-11.3848,1.03952,0,0,,40.0,-20.0,450.0
432333,2.434571,y,-11.585,-11.4281,1.03115,0,0,,40.0,-20.0,450.0
432334,2.445313,y,-12.25,-11.6217,1.05896,0,0,,40.0,-20.0,450.0
432335,2.455079,y,-11.725,-11.6441,1.02581,0,0,,40.0,-20.0,450.0
432336,2.464844,y,-12.32,-11.7905,1.04118,0,0,,40.0,-20.0,450.0
432337,2.47461,y,-12.775,-12.0038,1.01905,0,0,,40.0,-20.0,450.0
432338,2.485352,y,-13.335,-12.3173,1.04454,0,0,,40.0,-20.0,450.0
432339,2.495118,y,-13.125,-12.4923,1.03159,0,0,,40.0,-20.0,450.0
432340,2.504883,y,-13.685,-12.7506,1.03783,0,0,,40.0,-20.0,450.0
432341,2.514649,y,-14.35,-13.0971,1.04538,0,0,,40.0,-20.0,450.0
432342,2.525391,y,-15.295,-13.6147,1.03041,0,0,,40.0,-20.0,450.0
432343,2.530274,y,-15.995,-13.8883,1.04797,0,0,,40.0,-20.0,450.0
432344,2.540039,y,-16.17,-14.3825,1.02262,0,0,,40.0,-20.0,450.0
432345,2.549805,y,-18.13,-15.1943,1.07487,0,0,,40.0,-20.0,450.0
432346,2.559571,y,-17.85,-15.7696,1.01354,0,0,,40.0,-20.0,450.0
432347,2.570313,y,-20.23,-16.8201,1.07415,0,0,,40.0,-20.0,450.0
432348,2.580079,y,-20.93,-17.7104,1.05204,0,0,,40.0,-20.0,450.0
432349,2.589844,y,-22.68,-18.7869,1.06067,0,0,,40.0,-20.0,450.0
432350,2.59961,y,-24.885,-20.1079,1.06037,0,0,,40.0,-20.0,450.0
432351,2.605469,y,-26.775,-21.0163,1.07153,0,0,,40.0,-20.0,450.0
432352,2.615235,y,-28.175,-22.5671,1.00598,0,0,,40.0,-20.0,450.0
432353,2.625,y,-33.915,-25.0252,1.07867,0,0,,40.0,-20.0,450.0
432354,2.634766,y,-36.855,-27.5879,1.02541,0,0,,40.0,-20.0,450.0
432355,2.644532,y,-43.4,-31.0133,1.01991,0,0,,40.0,-20.0,450.0
432356,2.655274,y,-50.715,-35.6533,1.00785,0,0,,40.0,-20.0,450.0
432357,2.665039,y,-57.05,-40.288,1.04465,0,0,,40.0,-20.0,450.0
432358,2.674805,y,-63.98,-45.4204,1.10573,0,0,,40.0,-20.0,450.0
432359,2.684571,y,-72.45,-51.2758,1.04916,0,0,,40.0,-20.0,450.0
432360,2.695313,y,-83.02,-58.752,1.05443,0,0,,40.0,-20.0,450.0
432361,2.705079,y,-94.395,-66.4733,1.0759,0,0,,40.0,-20.0,450.0
432362,2.714844,y,-105.105,-74.8413,1.07968,0,0,,40.0,-20.0,450.0
432363,2.719727,y,-117.705,-79.7672,1.0854,0,0,,40.0,-20.0,450.0
432364,2.730469,y,-130.13,-91.6282,1.05448,0,0,,40.0,-20.0,450.0
432365,2.740235,y,-143.22,-102.8046,1.06619,0,0,,40.0,-20.0,450.0
432366,2.75,y,-156.1,-114.3489,0.98801,0,0,,40.0,-20.0,450.0
432367,2.759766,y,-171.57,-126.7447,1.07102,0,0,,40.0,-20.0,450.0
432368,2.769532,y,-184.905,-139.344,1.02296,0,0,,40.0,-20.0,450.0
432369,2.780274,y,-201.11,-153.8907,1.00246,0,0,,40.0,-20.0,450.0
432370,2.790039,y,-216.895,-167.538,1.02495,0,0,,40.0,-20.0,450.0
432371,2.799805,y,-229.67,-180.9977,1.00521,0,0,,40.0,-20.0,450.0
432372,2.809571,y,-243.95,-194.635,1.08545,0,0,,40.0,-20.0,450.0
432373,2.81543,y,-256.095,-203.0091,1.08525,0,0,,40.0,-20.0,450.0
432374,2.825196,y,-265.16,-216.4729,1.23375,0,0,,40.0,-20.0,450.0
432375,2.834961,y,-268.87,-227.8226,1.34022,0,0,,40.0,-20.0,450.0
432376,2.844727,y,-269.535,-236.8588,1.49422,0,0,,40.0,-20.0,450.0
432377,2.855469,y,-268.345,-244.2742,1.58664,0,0,,40.0,-20.0,450.0
432378,2.865235,y,-264.985,-248.7608,1.67316,0,0,,40.0,-20.0,450.0
432379,2.875,y,-256.095,-250.3494,1.80662,0,0,,40.0,-20.0,450.0
432380,2.884766,y,-243.565,-248.8797,1.72728,0,0,,40.0,-20.0,450.0
432381,2.894532,y,-231.63,-245.1429,1.71533,0,0,,40.0,-20.0,450.0
432382,2.905274,y,-216.545,-238.4077,1.57591,0,0,,40.0,-20.0,450.0
432383,2.910157,y,-204.89,-234.5559,1.89054,0,0,,40.0,-20.0,450.0
432384,2.919922,y,-170.555,-220.6927,1.98559,0,0,,40.0,-20.0,450.0
432385,2.929688,y,-121.59,-199.2241,1.80588,0,0,,40.0,-20.0,450.0
432386,2.94043,y,-69.37,-168.6418,2.11258,0,0,,40.0,-20.0,450.0
432387,2.950196,y,-13.3,-134.9901,2.03503,0,0,,40.0,-20.0,450.0
432388,2.959961,y,37.1,-97.7136,1.39706,0,0,,40.0,-20.0,450.0
432389,2.969727,y,58.135,-63.9522,1.42501,0,0,,40.0,-20.0,450.0
432390,2.980469,y,78.82,-30.3275,1.29895,0,0,,40.0,-20.0,450.0
432391,2.990235,y,85.4,-5.2575,1.24049,0,0,,40.0,-20.0,450.0
432392,3.0,y,81.165,13.4625,1.16776,0,0,,40.0,-20.0,450.0
432393,3.009766,y,78.435,27.5375,1.16842,0,0,,40.0,-20.0,450.0
432394,3.019532,y,85.12,40.0116,1.1798,1,72.75,0.0,40.0,-20.0,450.0
432395,3.025391,y,96.145,47.6599,1.17232,0,72.75,0.003552170649697444,40.0,-20.0,450.0
432396,3.035157,y,105.84,60.2635,1.13716,0,72.75,0.00947306134178563,40.0,-20.0,450.0
432397,3.044922,y,115.465,72.2207,1.05077,0,72.75,0.015393345757948127,40.0,-20.0,450.0
432398,3.054688,y,125.615,83.7875,1.02256,0,72.75,0.021314236450036314,40.0,-20.0,450.0
432399,3.06543,y,136.885,96.2926,1.06368,0,72.75,0.02782685244577785,40.0,-20.0,450.0
432400,3.075196,y,150.395,108.0128,1.20145,0,72.75,0.033747743137866035,40.0,-20.0,450.0
432401,3.084961,y,167.265,120.8475,1.28154,0,72.75,0.03966802755402853,40.0,-20.0,450.0
432402,3.094727,y,184.485,134.6332,1.30606,0,72.75,0.04558891824611672,40.0,-20.0,450.0
432403,3.105469,y,199.325,149.869,1.26909,0,72.75,0.05210153424185826,40.0,-20.0,450.0
432404,3.110352,y,209.825,156.759,1.21949,0,72.75,0.055061979587902356,40.0,-20.0,450.0
432405,3.120118,y,216.51,169.7029,1.21004,0,72.75,0.06098287027999053,40.0,-20.0,450.0
432406,3.129883,y,220.92,180.797,1.26506,0,72.75,0.06690315469615277,40.0,-20.0,450.0
432407,3.139649,y,224.98,190.3684,1.28466,0,72.75,0.07282404538824096,40.0,-20.0,450.0
432408,3.150391,y,227.955,199.2205,1.26564,0,72.75,0.07933666138398249,40.0,-20.0,450.0
432409,3.160157,y,228.06,205.468,1.22295,0,72.75,0.08525755207607068,40.0,-20.0,450.0
432410,3.169922,y,224.91,209.6793,1.2156,0,72.75,0.09117783649223317,40.0,-20.0,450.0
432411,3.179688,y,219.8,211.8718,1.23787,0,72.75,0.09709872718432136,40.0,-20.0,450.0
432412,3.19043,y,214.375,212.4613,1.28106,0,72.75,0.1036113431800629,40.0,-20.0,450.0
432413,3.200196,y,209.93,211.913,1.31085,0,72.75,0.10953223387215108,40.0,-20.0,450.0
432414,3.209961,y,205.695,210.5661,1.36031,0,72.75,0.11545251828831357,40.0,-20.0,450.0
432415,3.214844,y,202.475,209.6363,1.40995,0,72.75,0.11841296363435767,40.0,-20.0,450.0
432416,3.22461,y,200.935,207.7513,1.47077,0,72.75,0.12433385432644585,40.0,-20.0,450.0
432417,3.235352,y,200.55,206.0553,1.53113,0,72.75,0.13084647032218738,40.0,-20.0,450.0
432418,3.245118,y,200.55,204.8627,1.6086,0,72.75,0.13676736101427558,40.0,-20.0,450.0
432419,3.254883,y,201.39,204.1105,1.67338,0,72.75,0.14268764543043783,40.0,-20.0,450.0
432420,3.264649,y,202.825,203.832,1.72548,0,72.75,0.14860853612252597,40.0,-20.0,450.0
432421,3.275391,y,203.945,203.8586,1.73283,0,72.75,0.15512115211826755,40.0,-20.0,450.0
432422,3.285157,y,203.7,203.8243,1.69881,0,72.75,0.16104204281035572,40.0,-20.0,450.0
432423,3.294922,y,201.775,203.3804,1.70075,0,72.75,0.16696232722651821,40.0,-20.0,450.0
432424,3.304688,y,198.45,202.3123,1.71306,0,72.75,0.1728832179186064,40.0,-20.0,450.0
432425,3.31543,y,192.99,200.1168,1.71359,0,72.75,0.17939583391434794,40.0,-20.0,450.0
432426,3.320313,y,184.275,198.2963,1.68906,0,72.75,0.18235627926039205,40.0,-20.0,450.0
432427,3.330079,y,172.83,192.7795,1.66866,0,72.75,0.18827716995248023,40.0,-20.0,450.0
432428,3.339844,y,158.585,185.3726,1.61769,0,72.75,0.19419745436864272,40.0,-20.0,450.0
432429,3.34961,y,141.82,175.9378,1.58168,0,72.75,0.2001183450607309,40.0,-20.0,450.0
432430,3.360352,y,122.675,163.3938,1.52739,0,72.75,0.20663096105647244,40.0,-20.0,450.0
432431,3.370118,y,99.435,149.5384,1.53666,0,72.75,0.21255185174856062,40.0,-20.0,450.0
432432,3.379883,y,74.27,133.2345,1.6634,0,72.75,0.21847213616472286,40.0,-20.0,450.0
432433,3.389649,y,50.855,115.3886,1.75718,0,72.75,0.22439302685681103,40.0,-20.0,450.0
432434,3.400391,y,26.46,94.4448,1.77741,0,72.75,0.23090564285255258,40.0,-20.0,450.0
432435,3.405274,y,-2.8,83.2696,1.77116,0,72.75,0.23386608819859667,40.0,-20.0,450.0
432436,3.415039,y,-36.925,57.2342,1.80012,0,72.75,0.23978637261475916,40.0,-20.0,450.0
432437,3.424805,y,-74.585,28.6782,1.81362,0,72.75,0.24570726330684736,40.0,-20.0,450.0
432438,3.434571,y,-120.715,-3.6848,0.94265,0,72.75,0.2516281539989355,40.0,-20.0,450.0
432441,3.464844,y,-139.895,-75.9915,1.75454,0,72.75,0.2699819451029278,40.0,-20.0,450.0
432442,3.47461,y,-157.535,-93.6563,0.77371,0,72.75,0.27590283579501595,40.0,-20.0,450.0
432443,3.485352,y,-206.325,-120.1912,0.61484,0,72.75,0.28241545179075744,40.0,-20.0,450.0
432444,3.495118,y,-231.595,-144.3246,1.95894,0,72.75,0.2883363424828457,40.0,-20.0,450.0
432445,3.504883,y,-198.94,-156.1548,2.41889,0,72.75,0.2942566268990079,40.0,-20.0,450.0
432446,3.514649,y,-149.555,-154.7251,2.37407,0,72.75,0.30017751759109607,40.0,-20.0,450.0
432447,3.519532,y,-106.505,-149.1838,2.19404,0,72.75,0.3031379629371402,40.0,-20.0,450.0
432448,3.530274,y,-71.4,-130.8647,1.92561,0,72.75,0.3096505789328817,40.0,-20.0,450.0
432449,3.540039,y,-38.115,-110.7742,1.28526,0,72.75,0.3155708633490442,40.0,-20.0,450.0
432450,3.549805,y,-32.865,-93.8967,1.22451,0,72.75,0.3214917540411324,40.0,-20.0,450.0
432451,3.559571,y,-35.105,-81.1607,1.08273,0,72.75,0.32741264473322057,40.0,-20.0,450.0
432452,3.570313,y,-36.785,-70.7096,1.06091,0,72.75,0.3339252607289621,40.0,-20.0,450.0
432453,3.580079,y,-33.005,-62.5417,1.24588,0,72.75,0.3398461514210503,40.0,-20.0,450.0
432454,3.589844,y,-21.945,-53.748,1.11629,0,72.75,0.3457664358372128,40.0,-20.0,450.0
432455,3.59961,y,-15.75,-45.5165,1.15041,0,72.75,0.35168732652930096,40.0,-20.0,450.0
432456,3.605469,y,-13.09,-41.0983,1.09819,0,72.75,0.35523949717899844,40.0,-20.0,450.0
432457,3.615235,y,-13.755,-35.1749,1.10858,0,72.75,0.3611603878710866,40.0,-20.0,450.0
432458,3.625,y,-13.405,-30.4593,1.04356,0,72.75,0.36708067228724883,40.0,-20.0,450.0
432459,3.634766,y,-13.755,-26.8407,1.04502,0,72.75,0.37300156297933706,40.0,-20.0,450.0
432460,3.644532,y,-13.23,-23.8922,1.06048,0,72.75,0.3789224536714252,40.0,-20.0,450.0
432461,3.655274,y,-11.69,-21.0184,1.03937,0,72.75,0.38543506966716673,40.0,-20.0,450.0
432462,3.665039,y,-12.04,-19.0736,1.13539,0,72.75,0.3913553540833293,40.0,-20.0,450.0
432463,3.674805,y,-8.12,-16.7007,1.14805,0,72.75,0.39727624477541745,40.0,-20.0,450.0
432464,3.684571,y,-5.705,-14.3187,1.02981,0,72.75,0.40319713546750563,40.0,-20.0,450.0
432465,3.695313,y,-7.455,-12.7022,1.11803,0,72.75,0.4097097514632472,40.0,-20.0,450.0
432466,3.705079,y,-5.32,-11.103,1.06335,0,72.75,0.41563064215533535,40.0,-20.0,450.0
432467,3.709961,y,-4.48,-10.3421,1.00972,0,72.75,0.4185904812254538,40.0,-20.0,450.0
432468,3.719727,y,-4.795,-9.1404,1.08886,0,72.75,0.42451137191754196,40.0,-20.0,450.0
432469,3.730469,y,-3.22,-7.7461,1.06558,0,72.75,0.43102398791328345,40.0,-20.0,450.0
432470,3.740235,y,-2.45,-6.5988,1.06433,0,72.75,0.4369448786053717,40.0,-20.0,450.0
432471,3.75,y,-1.96,-5.594,1.06823,0,72.75,0.44286516302153395,40.0,-20.0,450.0
432472,3.759766,y,-2.345,-4.8902,1.06534,0,72.75,0.44878605371362207,40.0,-20.0,450.0
432473,3.769532,y,-1.855,-4.2326,1.07389,0,72.75,0.45470694440571024,40.0,-20.0,450.0
432474,3.780274,y,-2.065,-3.7221,1.02049,0,72.75,0.46121956040145184,40.0,-20.0,450.0
432475,3.790039,y,-3.255,-3.621,1.05424,0,72.75,0.46713984481761434,40.0,-20.0,450.0
432476,3.799805,y,-3.15,-3.5189,1.06654,0,72.75,0.47306073550970246,40.0,-20.0,450.0
432477,3.809571,y,-2.275,-3.2495,1.02973,0,72.75,0.4789816262017907,40.0,-20.0,450.0
432478,3.81543,y,-2.24,-3.1119,1.04211,0,72.75,0.4825337968514881,40.0,-20.0,450.0
432479,3.825196,y,-1.75,-2.8169,1.0129,0,72.75,0.48845468754357635,40.0,-20.0,450.0
432480,3.834961,y,-2.275,-2.6995,1.01441,0,72.75,0.4943749719597385,40.0,-20.0,450.0
432481,3.844727,y,-2.17,-2.5848,1.01575,0,72.75,0.5002958626518267,40.0,-20.0,450.0
432482,3.855469,y,-2.52,-2.5695,0.99836,0,72.75,0.5068084786475685,40.0,-20.0,450.0
432483,3.865235,y,-2.765,-2.6119,1.0364,0,72.75,0.5127293693396567,40.0,-20.0,450.0
432484,3.875,y,-2.205,-2.5237,1.01187,0,72.75,0.518649653755819,40.0,-20.0,450.0
432485,3.884766,y,-2.695,-2.5608,1.01773,0,72.75,0.5245705444479072,40.0,-20.0,450.0
432486,3.894532,y,-2.625,-2.5747,1.03545,0,72.75,0.5304914351399953,40.0,-20.0,450.0
432487,3.900391,y,-2.975,-2.6293,1.03503,0,72.75,0.5340436057896928,40.0,-20.0,450.0
432488,3.910157,y,-3.08,-2.7269,1.04067,0,72.75,0.539964496481781,40.0,-20.0,450.0
432489,3.919922,y,-2.03,-2.576,1.05972,0,72.75,0.5458847808979431,40.0,-20.0,450.0
432490,3.929688,y,-2.24,-2.5032,1.00038,0,72.75,0.5518056715900319,40.0,-20.0,450.0
432491,3.94043,y,-3.92,-2.8369,1.07983,0,72.75,0.5583182875857732,40.0,-20.0,450.0
432492,3.950196,y,-1.89,-2.6317,1.00725,0,72.75,0.5642391782778613,40.0,-20.0,450.0
432493,3.959961,y,-3.57,-2.835,1.04489,0,72.75,0.5701594626940236,40.0,-20.0,450.0
432494,3.969727,y,-3.605,-3.0018,1.04048,0,72.75,0.5760803533861119,40.0,-20.0,450.0
432495,3.980469,y,-3.325,-3.0779,1.04651,0,72.75,0.5825929693818536,40.0,-20.0,450.0
432496,3.990235,y,-3.71,-3.2148,1.03351,0,72.75,0.5885138600739418,40.0,-20.0,450.0
432497,4.0,y,-3.675,-3.3145,1.02091,0,72.75,0.5944341444901039,40.0,-20.0,450.0
432498,4.009766,y,-4.76,-3.6276,1.02703,0,72.75,0.6003550351821921,40.0,-20.0,450.0
432499,4.014649,y,-5.285,-3.8181,1.05038,0,72.75,0.6033154805282365,40.0,-20.0,450.0
432500,4.025391,y,-4.9,-4.0729,1.01453,0,72.75,0.6098280965239778,40.0,-20.0,450.0
432501,4.035157,y,-5.95,-4.4795,0.99407,0,72.75,0.615748987216066,40.0,-20.0,450.0
432502,4.044922,y,-7.7,-5.1771,0.99944,0,72.75,0.6216692716322282,40.0,-20.0,450.0
432503,4.054688,y,-9.065,-6.0194,1.00321,0,72.75,0.627590162324317,40.0,-20.0,450.0
432504,4.06543,y,-10.15,-6.9922,1.02737,0,72.75,0.6341027783200581,40.0,-20.0,450.0
432505,4.075196,y,-10.185,-7.6838,1.00771,0,72.75,0.6400236690121464,40.0,-20.0,450.0
432506,4.084961,y,-10.955,-8.3924,1.02971,0,72.75,0.6459439534283086,40.0,-20.0,450.0
432507,4.094727,y,-11.9,-9.1523,1.04087,0,72.75,0.6518648441203968,40.0,-20.0,450.0
432508,4.105469,y,-12.355,-9.9065,1.06385,0,72.75,0.6583774601161386,40.0,-20.0,450.0
432509,4.110352,y,-12.74,-10.2322,1.03122,0,72.75,0.6613379054621825,40.0,-20.0,450.0
432510,4.120118,y,-14.14,-11.0787,1.06398,0,72.75,0.6672587961542706,40.0,-20.0,450.0
432511,4.129883,y,-14.77,-11.8783,1.03722,0,72.75,0.6731790805704334,40.0,-20.0,450.0
432512,4.139649,y,-16.8,-12.9445,1.08183,0,72.75,0.6790999712625216,40.0,-20.0,450.0
432513,4.150391,y,-16.52,-13.7866,1.05804,0,72.75,0.6856125872582628,40.0,-20.0,450.0
432514,4.160157,y,-18.445,-14.7957,1.05292,0,72.75,0.691533477950351,40.0,-20.0,450.0
432515,4.169922,y,-20.93,-16.1245,1.07852,0,72.75,0.6974537623665132,40.0,-20.0,450.0
432516,4.179688,y,-21.665,-17.3247,1.07021,0,72.75,0.7033746530586019,40.0,-20.0,450.0
432517,4.19043,y,-26.18,-19.4102,0.94312,0,72.75,0.7098872690543433,40.0,-20.0,450.0
432518,4.200196,y,-34.3,-22.6358,1.06039,0,72.75,0.7158081597464315,40.0,-20.0,450.0
432519,4.209961,y,-38.605,-26.0949,1.00859,0,72.75,0.7217284441625936,40.0,-20.0,450.0
432520,4.214844,y,-46.2,-28.4053,1.18511,0,72.75,0.724688889508638,40.0,-20.0,450.0
432521,4.22461,y,-50.855,-33.2686,1.10964,0,72.75,0.7306097802007262,40.0,-20.0,450.0
432522,4.235352,y,-63.035,-40.279,1.0723,0,72.75,0.7371223961964675,40.0,-20.0,450.0
432523,4.245118,y,-79.205,-48.7115,1.10465,0,72.75,0.7430432868885557,40.0,-20.0,450.0
432524,4.254883,y,-93.485,-58.4099,1.13655,0,72.75,0.7489635713047185,40.0,-20.0,450.0
432525,4.264649,y,-111.09,-69.822,1.17266,0,72.75,0.7548844619968066,40.0,-20.0,450.0
432526,4.275391,y,-126.0,-83.0526,1.09038,0,72.75,0.7613970779925479,40.0,-20.0,450.0
432527,4.285157,y,-145.705,-96.625,1.10105,0,72.75,0.7673179686846361,40.0,-20.0,450.0
432528,4.294922,y,-164.43,-111.3123,1.06514,0,72.75,0.7732382531007983,40.0,-20.0,450.0
432529,4.304688,y,-184.45,-127.1561,1.09567,0,72.75,0.779159143792887,40.0,-20.0,450.0
432530,4.31543,y,-203.035,-145.0265,1.0541,0,72.75,0.7856717597886284,40.0,-20.0,450.0
432531,4.320313,y,-222.915,-153.9773,0.97642,0,72.75,0.7886322051346727,40.0,-20.0,450.0
432532,4.330079,y,-244.51,-173.5894,1.00773,0,72.75,0.7945530958267608,40.0,-20.0,450.0
432533,4.339844,y,-263.445,-193.0531,1.02855,0,72.75,0.8004733802429231,40.0,-20.0,450.0
432534,4.34961,y,-277.795,-211.4107,1.02465,0,72.75,0.8063942709350113,40.0,-20.0,450.0
432535,4.360352,y,-290.465,-230.029,1.1382,0,72.75,0.8129068869307525,40.0,-20.0,450.0
432536,4.370118,y,-294.945,-244.0917,1.40268,0,72.75,0.8188277776228408,40.0,-20.0,450.0
432537,4.379883,y,-288.575,-253.7273,1.51901,0,72.75,0.8247480620390034,40.0,-20.0,450.0
432538,4.389649,y,-279.475,-259.305,1.85612,0,72.75,0.8306689527310916,40.0,-20.0,450.0
432539,4.400391,y,-258.685,-259.159,1.91295,0,72.75,0.837181568726833,40.0,-20.0,450.0
432540,4.405274,y,-233.73,-256.2367,1.86464,0,72.75,0.8401420140728774,40.0,-20.0,450.0
432541,4.415039,y,-217.385,-247.821,1.55765,0,72.75,0.8460622984890396,40.0,-20.0,450.0
432542,4.424805,y,-209.51,-239.5217,1.46749,0,72.75,0.8519831891811277,40.0,-20.0,450.0
432543,4.434571,y,-189.77,-228.744,1.82176,0,72.75,0.8579040798732158,40.0,-20.0,450.0
432544,4.445313,y,-140.035,-207.8519,2.13646,0,72.75,0.8644166958689576,40.0,-20.0,450.0
432545,4.455079,y,-73.535,-178.7549,2.32177,0,72.75,0.8703375865610459,40.0,-20.0,450.0
432546,4.464844,y,-16.17,-143.5373,1.55835,0,72.75,0.8762578709772081,40.0,-20.0,450.0
432547,4.47461,y,6.37,-111.0629,1.0525,0,72.75,0.8821787616692963,40.0,-20.0,450.0
432548,4.485352,y,13.79,-81.6584,1.06733,0,72.75,0.8886913776650375,40.0,-20.0,450.0
432549,4.495118,y,27.685,-57.9714,1.23223,0,72.75,0.8946122683571257,40.0,-20.0,450.0
432550,4.504883,y,39.9,-36.7714,1.3773,0,72.75,0.9005325527732885,40.0,-20.0,450.0
432551,4.514649,y,40.005,-20.1394,1.45792,0,72.75,0.9064534434653767,40.0,-20.0,450.0
432552,4.519532,y,39.165,-13.3242,1.43279,0,72.75,0.9094138888114205,40.0,-20.0,450.0
432553,4.530274,y,44.135,0.2082,1.3758,0,72.75,0.9159265048071623,40.0,-20.0,450.0
432554,4.540039,y,54.81,12.0355,1.30112,0,72.75,0.9218467892233246,40.0,-20.0,450.0
432555,4.549805,y,68.565,24.2815,1.21214,0,72.75,0.9277676799154128,40.0,-20.0,450.0
432556,4.559571,y,84.98,37.4306,1.16741,0,72.75,0.933688570607501,40.0,-20.0,450.0
432557,4.570313,y,103.25,52.9319,1.18799,1,74.6,0.0,40.0,-20.0,450.0
432558,4.580079,y,122.745,68.0555,1.23004,0,74.6,0.006071523234434972,40.0,-20.0,450.0
432559,4.589844,y,141.575,83.9806,1.20793,0,74.6,0.012142424768763935,40.0,-20.0,450.0
432560,4.59961,y,156.485,99.6872,1.1599,0,74.6,0.01821394800319891,40.0,-20.0,450.0
432561,4.605469,y,166.565,108.7995,1.11609,0,74.6,0.021856488923796397,40.0,-20.0,450.0
432562,4.615235,y,172.585,122.6173,1.10916,0,74.6,0.02792801215823137,40.0,-20.0,450.0
432563,4.625,y,176.155,134.2141,1.1417,0,74.6,0.033998913692560334,40.0,-20.0,450.0
432564,4.634766,y,178.99,143.9139,1.20871,0,74.6,0.04007043692699531,40.0,-20.0,450.0
432565,4.644532,y,183.015,152.3844,1.33345,0,74.6,0.046141960161430275,40.0,-20.0,450.0
432566,4.655274,y,190.05,161.2551,1.39004,0,74.6,0.05282026269924553,40.0,-20.0,450.0
432567,4.665039,y,197.61,169.13,1.33872,0,74.6,0.058891164233574496,40.0,-20.0,450.0
432568,4.674805,y,201.425,176.126,1.20736,0,74.6,0.06496268746800946,40.0,-20.0,450.0
432569,4.684571,y,198.835,181.0455,1.10791,0,74.6,0.07103421070244444,40.0,-20.0,450.0
432570,4.695313,y,191.485,183.5041,1.11186,0,74.6,0.07771251324025968,40.0,-20.0,450.0
432571,4.705079,y,183.785,183.565,1.16125,0,74.6,0.08378403647469466,40.0,-20.0,450.0
432572,4.709961,y,177.94,182.9187,1.21897,0,74.6,0.08681917639180586,40.0,-20.0,450.0
432573,4.719727,y,173.81,180.9455,1.282,0,74.6,0.09289069962624083,40.0,-20.0,450.0
432574,4.730469,y,171.22,178.655,1.31812,0,74.6,0.09956900216405608,40.0,-20.0,450.0
432575,4.740235,y,169.19,176.6046,1.34072,0,74.6,0.10564052539849106,40.0,-20.0,450.0
432576,4.75,y,167.02,174.5285,1.36898,0,74.6,0.11171142693282003,40.0,-20.0,450.0
432577,4.759766,y,165.585,172.591,1.44975,0,74.6,0.11778295016725499,40.0,-20.0,450.0
432578,4.769532,y,166.95,171.369,1.58392,0,74.6,0.12385447340168997,40.0,-20.0,450.0
432579,4.780274,y,172.2,171.5647,1.66846,0,74.6,0.1305327759395052,40.0,-20.0,450.0
432580,4.790039,y,178.57,173.0821,1.63787,0,74.6,0.1366036774738342,40.0,-20.0,450.0
432581,4.799805,y,182.21,175.0595,1.54024,0,74.6,0.14267520070826917,40.0,-20.0,450.0
432582,4.809571,y,181.51,176.4569,1.44039,0,74.6,0.1487467239427041,40.0,-20.0,450.0
432583,4.81543,y,176.68,176.4873,1.37121,0,74.6,0.1523892648633016,40.0,-20.0,450.0
432584,4.825196,y,169.19,174.9065,1.34961,0,74.6,0.1584607880977366,40.0,-20.0,450.0
432585,4.834961,y,160.615,171.8108,1.35804,0,74.6,0.16453168963206555,40.0,-20.0,450.0
432586,4.844727,y,151.375,167.3838,1.37056,0,74.6,0.17060321286650054,40.0,-20.0,450.0
432587,4.855469,y,140.63,161.0829,1.36543,0,74.6,0.17728151540431578,40.0,-20.0,450.0
432588,4.865235,y,129.185,154.1729,1.37385,0,74.6,0.18335303863875074,40.0,-20.0,450.0
432589,4.875,y,115.535,145.8035,1.30836,0,74.6,0.1894239401730797,40.0,-20.0,450.0
432590,4.884766,y,98.77,135.6147,1.27971,0,74.6,0.1954954634075147,40.0,-20.0,450.0
432591,4.894532,y,79.59,123.478,1.27055,0,74.6,0.20156698664194966,40.0,-20.0,450.0
432592,4.900391,y,59.29,114.7322,1.30017,0,74.6,0.20520952756254712,40.0,-20.0,450.0
432593,4.910157,y,38.78,98.2787,1.32727,0,74.6,0.21128105079698212,40.0,-20.0,450.0
432594,4.919922,y,17.64,80.8115,1.34189,0,74.6,0.21735195233131108,40.0,-20.0,450.0
432595,4.929688,y,-4.795,62.2666,1.3626,0,74.6,0.2234234755657466,40.0,-20.0,450.0
432596,4.94043,y,-29.82,40.579,1.3848,0,74.6,0.2301017781035613,40.0,-20.0,450.0
432597,4.950196,y,-57.54,19.3235,1.45196,0,74.6,0.23617330133799627,40.0,-20.0,450.0
432598,4.959961,y,-90.125,-4.3842,1.64382,0,74.6,0.24224420287232523,40.0,-20.0,450.0
432599,4.969727,y,-134.575,-32.5874,1.2516,0,74.6,0.24831572610676023,40.0,-20.0,450.0
432600,4.980469,y,-164.71,-63.704,1.34567,0,74.6,0.25499402864457543,40.0,-20.0,450.0
432601,4.990235,y,-156.73,-83.8562,2.42824,0,74.6,0.2610655518790104,40.0,-20.0,450.0
432602,5.0,y,-116.795,-90.9911,2.07769,0,74.6,0.2671364534133394,40.0,-20.0,450.0
432603,5.009766,y,-101.045,-93.169,1.09449,0,74.6,0.27320797664777435,40.0,-20.0,450.0
432604,5.014649,y,-117.81,-96.0007,0.77734,0,74.6,0.27624373826499216,40.0,-20.0,450.0
432605,5.025391,y,-138.67,-106.0499,1.39844,0,74.6,0.2829220408028068,40.0,-20.0,450.0
